Simulation HISTORY
User: anhtran

arm_public_accen0_user,FAIL,00,50
arm_public_accen1_sec0_1,FAIL,01,15
armreg001,FAIL,18,17
arm_sec_chk_accen0_user,FAIL,01,18
arm_sec_chk_accen1_sec0_1,FAIL,00,36
ch0_disp01,FAIL,01,39
cmt0_ch5_cks000,FAIL,04,40
cmt0_ch5_dbgivd_arm,FAIL,00,12
cmt0_ch5_intcs,FAIL,00,02
cmt0_ch5_prsx128_o_16,FAIL,00,09
cmt0_ch5_prsx32_f_16,FAIL,00,14
cmt0_ch5_prsx32_f_32,FAIL,00,04
cmt0_ch5_prsx32_o_16,FAIL,00,07
cmt0_ch5_prsx32_o_32,FAIL,00,07
cmt0_ch5_prsx8_f_16,FAIL,00,02
cmt0_ch5_prsx8_f_32,FAIL,00,04
cmt0_ch5_prsx8_o_16,FAIL,00,02
cmt0_ch5_prsx8_o_16ovf,FAIL,00,03
cmt0_ch5_prsx8_o_32,FAIL,00,57
cmt0_ch5_prsx8_o_32ovf,FAIL,00,02
cmt0_ch5_reg0,FAIL,00,11
cmt0_ch5_unm_16,FAIL,00,13
cmt0_ch5_unm_16_inv,FAIL,00,04
cmt0_ch5_unm_32,FAIL,00,18
cmt0_ch5_unm_32_inv,FAIL,00,07
cmt0_ch6_cks000,FAIL,01,26
cmt0_ch6_intcs,FAIL,00,14
cmt0_ch6_prsx128_o_16,FAIL,01,30
cmt0_ch6_prsx32_f_16,FAIL,01,27
cmt0_ch6_prsx32_f_32,FAIL,02,02
cmt0_ch6_prsx32_o_16,FAIL,02,07
cmt0_ch6_prsx32_o_32,FAIL,06,13
cmt0_ch6_prsx8_f_16,FAIL,00,02
cmt0_ch6_prsx8_f_32,FAIL,01,41
cmt0_ch6_prsx8_o_16,FAIL,01,39
cmt0_ch6_prsx8_o_16ovf,FAIL,00,20
cmt0_ch6_prsx8_o_32,FAIL,01,25
cmt0_ch6_prsx8_o_32ovf,FAIL,00,12
cmt0_ch6_reg0,FAIL,00,07
cmt0_ch6_unm_16,FAIL,02,53
cmt0_ch6_unm_16_inv,FAIL,01,38
cmt0_ch6_unm_32,FAIL,01,51
cmt0_ch6_unm_32_inv,FAIL,01,45
cmt1_ch012345_cnth,FAIL,03,15
cmt1_ch012345_corh,FAIL,11,01
cmt1_ch012345_csrh,FAIL,01,06
cmt1_ch012345_prsx8_o_32,FAIL,00,08
cmt1_ch03_sync,FAIL,01,33
cmt1_ch045_prsx8p_o_32,FAIL,00,49
cmt1_ch0_cmcntm,FAIL,01,18
cmt1_ch0_cmcntm_plloff,FAIL,01,04
cmt1_ch0_dbgivd,FAIL,01,44
cmt1_ch0_prsx32p_o_32,FAIL,02,11
cmt1_ch0_reg0,FAIL,01,14
cmt1_ch0_unm_16,FAIL,00,06
cmt1_ch0_unm_16_inv,FAIL,02,46
cmt1_ch0_unm_32,FAIL,00,40
cmt1_ch0_unm_32_inv,FAIL,00,47
cmt1_ch123_prsx32_f_16,FAIL,00,35
cmt1_ch123_prsx32_f_32,FAIL,00,39
cmt1_ch123_prsx32_o_16,FAIL,00,37
cmt1_ch123_prsx32_o_32,FAIL,00,37
cmt1_ch123_prsx8_f_16,FAIL,00,54
cmt1_ch123_prsx8_f_32,FAIL,00,07
cmt1_ch123_prsx8_o_16,FAIL,00,28
cmt1_ch123_prsx8_o_32,FAIL,00,30
cmt1_ch123_reg0,FAIL,01,03
cmt1_ch1_dbgivd,FAIL,00,26
cmt1_ch2_dbgivd,FAIL,00,34
cmt1_ch3_cmcntm,FAIL,01,13
cmt1_ch3_unm_16,FAIL,01,05
cmt1_ch3_unm_16_inv,FAIL,01,54
cmt1_ch3_unm_32,FAIL,02,38
cmt1_ch3_unm_32_inv,FAIL,02,11
cmt1_ch4_dbgivd,FAIL,00,29
cmt1_ch4_reg0,FAIL,01,03
cmt1_ch5_cks000,FAIL,02,29
cmt1_ch5_prsx128_o_16,FAIL,01,35
cmt1_ch5_prsx32_f_16,FAIL,03,08
cmt1_ch5_prsx32_f_32,FAIL,01,36
cmt1_ch5_prsx32_o_16,FAIL,01,38
cmt1_ch5_prsx32_o_32,FAIL,01,39
cmt1_ch5_prsx8_f_16,FAIL,00,04
cmt1_ch5_prsx8_f_32,FAIL,01,42
cmt1_ch5_prsx8_o_16,FAIL,03,29
cmt1_ch5_prsx8_o_16ovf,FAIL,00,10
cmt1_ch5_prsx8_o_32,FAIL,02,03
cmt1_ch5_prsx8_o_32ovf,FAIL,00,15
cmt1_ch5_reg0,FAIL,00,37
cmt1_ch5_unm_16,FAIL,06,02
cmt1_ch5_unm_16_inv,FAIL,00,46
cmt1_ch5_unm_32,FAIL,00,46
cmt1_ch5_unm_32_inv,FAIL,00,41
cmt1_ch6_cks000,FAIL,02,35
cmt1_ch6_prsx128_o_16,FAIL,01,35
cmt1_ch6_prsx32_f_16,FAIL,01,37
cmt1_ch6_prsx32_f_32,FAIL,01,33
cmt1_ch6_prsx32_o_16,FAIL,01,36
cmt1_ch6_prsx32_o_32,FAIL,01,36
cmt1_ch6_prsx8_f_16,FAIL,00,03
cmt1_ch6_prsx8_f_32,FAIL,00,56
cmt1_ch6_prsx8_o_16,FAIL,03,22
cmt1_ch6_prsx8_o_16ovf,FAIL,00,15
cmt1_ch6_prsx8_o_32,FAIL,01,35
cmt1_ch6_prsx8_o_32ovf,FAIL,00,23
cmt1_ch6_reg0,FAIL,01,06
cmt1_ch6_unm_16,FAIL,01,02
cmt1_ch6_unm_16_inv,FAIL,02,22
cmt1_ch6_unm_32,FAIL,01,21
cmt1_ch6_unm_32_inv,FAIL,02,24
cmt1_ch7_cks000,FAIL,02,30
cmt1_ch7_prsx128_o_16,FAIL,00,46
cmt1_ch7_prsx32_f_16,FAIL,00,49
cmt1_ch7_prsx32_o_16,FAIL,00,47
cmt1_ch7_prsx8_f_16,FAIL,00,03
cmt1_ch7_prsx8_f_32,FAIL,01,33
cmt1_ch7_prsx8_o_16,FAIL,02,20
cmt1_ch7_prsx8_o_16ovf,FAIL,00,29
cmt1_ch7_prsx8_o_32,FAIL,00,14
cmt1_ch7_prsx8_o_32ovf,FAIL,00,10
cmt1_ch7_reg0,FAIL,01,23
cmt1_ch7_unm_16,FAIL,00,02
cmt1_ch7_unm_16_inv,FAIL,00,04
cmt1_ch7_unm_32,FAIL,00,04
cmt1_ch7_unm_32_inv,FAIL,00,04
cmt_ARM7_reg,FAIL,00,06
cmt_SHX_reg,FAIL,00,04
CRNJPGU01A0000_test,FAIL,00,00
CRNJPGU01A0010,PASS,09,58
CRNJPGU01A0030,PASS,26,32
CRNJPGU01A0030_internal_ram,PASS,38,02
CRNJPGU01A11011,FAIL,00,00
CRNJPGU01A1111,FAIL,00,00
CRNJPGU21A0000,PASS,06,12
CRNJPGU21A0000_2,PASS,12,58
D_SF_SIZE_01,FAIL,20,46
D_SF_SIZE_01_YC444,FAIL,163,48
D_SL_SIZE_01,FAIL,02,31
D_SL_SIZE_01_JPEG,FAIL,00,01
D_SL_SIZE_01_JPEG_160x120,FAIL,02,35
D_SL_SIZE_01_reload_int,FAIL,00,00
D_SL_SIZE_01_reload_int2,FAIL,01,45
E_SF_SIZE_01,PASS,04,15
E_SF_SIZE_01_ddr,FAIL,18,35
E_SF_SIZE_01_ddr2,FAIL,00,04
E_SF_SIZE_01_gate,PASS,23,20
E_SF_SIZE_01_test,FAIL,08,27
E_SL_SIZE_01,FAIL,06,33
gic_D_SL_SIZE_01,FAIL,261,02
gic_D_SL_SIZE_01_2,FAIL,08,36
gic_D_SL_SIZE_01_3,FAIL,00,00
jpu_no_area_chk,FAIL,03,07
jpu_no_area_chk_arm,PASS,00,38
MMU_E_SF_SIZE_01,FAIL,12,30
new_jpu_reset_stop_chk,PASS,00,47
no_cmd_chk,FAIL,01,14
reg_chk,PASS,00,56
reg_chk_arm,FAIL,01,28
reg_read_write_shx,PASS,01,33
SATA0_SATA801R_read,FAIL,04,47
SATA0_SATA831R_read_G1_2,FAIL,02,13
SATA0_SATA85253_wr,FAIL,04,46
SATA0_SATA85253_wr2,FAIL,01,07
SATA0_SATA85455_wr,FAIL,03,35
SATA0_SATA85758_wr,PASS,10,29
SATA0_sata_desc,FAIL,02,57
SATA0_sata_desc_sim4,FAIL,00,45
SATA0_UT_SATA833,FAIL,02,00
SATA0_UT_SATA8b0,FAIL,00,40
SATA0_UT_SATA8b1,FAIL,01,21
SATA0_UT_SATA8b2,FAIL,01,39
SATA0_UT_SATA8b3,FAIL,01,16
SATA0_UT_SATA8b4,FAIL,01,27
SATA0_UT_SATA8b5,FAIL,03,13
SATA0_UT_SATA8b6,FAIL,04,37
SATA0_UT_SATA8c0,FAIL,01,36
SATA0_UT_SATA8c1,FAIL,00,53
SATA0_UT_SATA8c2,FAIL,00,39
SATA0_UT_SATA8c3,FAIL,01,07
SATA0_UT_SATA8c4,FAIL,01,26
SATA0_UT_SATA8c5,FAIL,02,21
SATA0_UT_SATA8c6,FAIL,01,06
SATA0_UT_SATA8c7,FAIL,02,25
SATA0_UT_SATA8cc,FAIL,01,28
SATA0_UT_SATA8cd,FAIL,01,33
SATA0_UT_SATA8ce,FAIL,00,38
SATA0_UT_SATA8cf,FAIL,00,57
SATA0_UT_SATA8p1,FAIL,01,31
SATA0_UT_SATA8paR,FAIL,12,03
SATA0_UT_SATA8pdW,FAIL,01,47
SATA0_UT_SATA8pgR,FAIL,03,12
sata_1_reg_rw_sec_arm_pub_ca7,FAIL,01,03
sata_1_reg_rw_sec_arm_sec_ca7,PASS,00,09
SATA1_SATA801R_read,FAIL,04,16
SATA1_SATA85253_wr,FAIL,15,33
SATA1_SATA85455_wr,FAIL,05,42
SATA1_SATA85758_wr,PASS,05,49
SATA1_SATA8pdW_ratio_3_chk,FAIL,00,30
SATA1_SATA8pdW_ratio_4_chk,FAIL,00,24
SATA1_sata_desc,FAIL,00,14
SATA1_sata_desc_sram,FAIL,14,02
SATA1_UT_SATA833,FAIL,03,47
SATA1_UT_SATA85eW,FAIL,02,21
SATA1_UT_SATA85fR_read,FAIL,01,20
SATA1_UT_SATA8b0,FAIL,06,37
SATA1_UT_SATA8b1,FAIL,00,27
SATA1_UT_SATA8c0,FAIL,00,39
SATA1_UT_SATA8c1,FAIL,00,58
SATA1_UT_SATA8c2,FAIL,00,50
SATA1_UT_SATA8c3,FAIL,00,34
SATA1_UT_SATA8c4,FAIL,00,43
SATA1_UT_SATA8c5,FAIL,01,09
SATA1_UT_SATA8c6,FAIL,01,28
SATA1_UT_SATA8c7,FAIL,01,15
SATA1_UT_SATA8cc,FAIL,01,31
SATA1_UT_SATA8cd,FAIL,01,21
SATA1_UT_SATA8ce,FAIL,00,17
SATA1_UT_SATA8cf,FAIL,01,31
SATA1_UT_SATA8p0,FAIL,02,27
SATA1_UT_SATA8p1,FAIL,00,54
SATA1_UT_SATA8paR,FAIL,25,21
SATA1_UT_SATA8pbW,FAIL,06,18
SATA1_UT_SATA8pbW2,FAIL,03,55
SATA1_UT_SATA8pcR,FAIL,01,43
SATA1_UT_SATA8pdW,FAIL,04,09
SATA1_UT_SATA8peR,FAIL,84,00
SATA1_UT_SATA8pfW,FAIL,01,12
SATA1_UT_SATA8pgR,FAIL,03,24
SATA1_UT_SATA8phW,FAIL,11,41
SATA1_UT_SATA8phW_2,FAIL,04,08
SATA1_UT_SATA8pyR,FAIL,00,40
SATA1_UT_SATA8pzR,FAIL,00,12
SATA1_UT_SATA8r0_28nm,FAIL,01,05
SATA1_UT_SATA8r8_28nm,FAIL,03,14
SATA1_UT_SATA8s0R,FAIL,00,11
SATA1_UT_SATA8s1R,FAIL,00,36
SATA801R_read,FAIL,07,53
SATA805W_write,FAIL,04,51
SATA815,PASS,00,20
SATA816,PASS,00,12
SATA817,FAIL,00,24
SATA818,PASS,00,24
SATA828W_write,PASS,12,19
SATA829R_read,PASS,07,38
SATA83031_wr,PASS,00,43
SATA830W_write,PASS,00,23
SATA830W_write_29,PASS,00,22
SATA830W_write_G1,PASS,01,58
SATA830W_write_phy,FAIL,03,54
SATA830W_write_PPC,FAIL,00,41
SATA831R_read,FAIL,00,24
SATA831R_read_29,PASS,00,44
SATA831R_read_G1,FAIL,01,21
SATA85253_wr,FAIL,05,02
SATA85253_wr2,FAIL,01,25
SATA85253_wr2_1,FAIL,02,53
SATA85253_wr2_1_1,FAIL,01,53
SATA85253_wr2_dram,FAIL,00,49
SATA85253_wr2_full,FAIL,02,08
SATA85253_wr2_sim4,FAIL,00,35
SATA85253_wr3,FAIL,01,45
SATA85455_wr,FAIL,01,43
SATA85455_wr_dram,FAIL,01,45
SATA85758_wr,FAIL,12,09
SATA85eW_dram,FAIL,01,10
SATA85fR_read_dram,FAIL,01,43
SATA8c4,FAIL,02,44
SATA8c4_2,FAIL,00,07
sata_desc,FAIL,05,01
sata_desc_read,FAIL,01,10
sata_desc_read_write,FAIL,02,36
sata_desc_sram,FAIL,00,01
sata_reg_rw,FAIL,01,29
SCIF20_sc_asyn1,FAIL,00,49
SCIF20_sc_asyn1_2,FAIL,12,41
SCIF20_sc_asyn1_3,FAIL,01,09
SCIF20_sc_asyn1_selfLB,FAIL,00,29
SCIF20_sc_asyn2,FAIL,00,27
SCIF20_sc_asyn3,FAIL,01,08
SCIF20_sc_asyn4,FAIL,00,44
SCIF20_sc_asyn5,FAIL,00,59
SCIF20_sc_asyn6,FAIL,00,50
SCIF20_sc_asyn7,FAIL,00,24
SCIF20_sc_asyn8,FAIL,00,52
SCIF20_sc_dma,FAIL,00,27
SCIF20_sc_dma_2,FAIL,03,55
SCIF21_sc_asyn1,FAIL,00,32
SCIF21_sc_asyn1_selfLB,FAIL,00,44
SCIF21_sc_asyn1_test,FAIL,00,13
SCIF21_sc_asyn2,FAIL,00,46
SCIF21_sc_asyn3,FAIL,00,47
SCIF21_sc_asyn4,FAIL,00,15
SCIF21_sc_asyn5,FAIL,00,33
SCIF21_sc_asyn6,FAIL,00,43
SCIF21_sc_asyn7,FAIL,00,22
SCIF21_sc_asyn8,FAIL,00,59
SCIF21_sc_dma,FAIL,02,29
SCIF22_sc_asyn1,FAIL,00,31
SCIF22_sc_asyn1_selfLB,FAIL,00,49
SCIF22_sc_asyn2,FAIL,00,27
SCIF22_sc_asyn3,FAIL,00,36
SCIF22_sc_asyn4,FAIL,01,18
SCIF22_sc_asyn5,FAIL,01,03
SCIF22_sc_asyn6,FAIL,00,25
SCIF22_sc_asyn7,FAIL,01,26
SCIF22_sc_asyn8,FAIL,01,03
SCIF22_sc_dma,FAIL,01,17
SCIFB0_sc_asyn1,FAIL,00,22
SCIFB0_sc_asyn1_selfLB,FAIL,00,24
SCIFB0_sc_asyn1_txdin,FAIL,00,11
SCIFB0_sc_asyn2,FAIL,00,16
SCIFB0_sc_asyn3,FAIL,00,38
SCIFB0_sc_asyn4,FAIL,00,08
SCIFB0_sc_asyn5,FAIL,00,16
SCIFB0_sc_asyn6,FAIL,00,20
SCIFB0_sc_asyn7,FAIL,00,20
SCIFB0_sc_asyn8,FAIL,00,20
SCIFB0_sc_dma_rt,FAIL,01,14
SCIFB0_sc_dma_sys,FAIL,01,51
SCIFB0_sc_init,FAIL,00,23
SCIFB0_sc_int,FAIL,06,03
SCIFB0_sc_reg,FAIL,02,06
SCIFB0_sc_reg_2,FAIL,05,16
SCIFB0_sc_scpcr98,FAIL,02,14
SCIFB1_sc_asyn1,FAIL,00,35
SCIFB1_sc_asyn1_selfLB,FAIL,00,28
SCIFB1_sc_asyn2,FAIL,00,41
SCIFB1_sc_asyn3,FAIL,01,46
SCIFB1_sc_asyn4,FAIL,01,04
SCIFB1_sc_asyn5,FAIL,00,39
SCIFB1_sc_asyn6,FAIL,00,37
SCIFB1_sc_asyn7,FAIL,00,58
SCIFB1_sc_asyn8,FAIL,00,52
SCIFB1_sc_dma_rt,FAIL,00,03
SCIFB1_sc_dma_sys,FAIL,01,51
SCIFB1_sc_init,FAIL,04,34
SCIFB1_sc_int,FAIL,04,31
SCIFB1_sc_reg,FAIL,02,34
SCIFB2_sc_asyn1,FAIL,01,34
SCIFB2_sc_asyn1_selfLB,FAIL,00,58
SCIFB2_sc_asyn2,FAIL,00,50
SCIFB2_sc_asyn3,FAIL,01,09
SCIFB2_sc_asyn4,FAIL,01,02
SCIFB2_sc_asyn5,FAIL,00,59
SCIFB2_sc_asyn6,FAIL,01,56
SCIFB2_sc_asyn7,FAIL,00,44
SCIFB2_sc_asyn8,FAIL,00,44
SCIFB2_sc_dma_rt,FAIL,00,43
SCIFB2_sc_dma_sys,FAIL,00,02
SCIFB2_sc_reg,FAIL,02,35
sec_chk_accen0_user,FAIL,00,15
sec_chk_accen1_sec0_1,FAIL,02,24
sec_grp_D_SL_SIZE_01,FAIL,20,45
sec_grp_E_SF_SIZE_01,FAIL,18,05

Total simulation time: 1354HH57MM
Total test pattern: 354
PASS: 24 TM
FAIL: 330 TM
