From CHECKLIST,,,From RTL,,,,
"Terminal name
(1)",I/O,Bit width,"Terminal name
(1)",I/O,Bit width,Line number in RTL,Judgement
CLK200,I,,CLK200,I,,571,OK
CLK100,I,,CLK100,I,,572,OK
CLK325,I,,CLK325,I,,573,OK
ARESETn,I,,ARESETn,I,,570,OK
SCAN_MODE,I,,SCAN_MODE,I,,576,OK
BP_CSTAP_AWADDR32,I,,BP_CSTAP_AWADDR32,I,,579,OK
BP_CSTAP_AWADDR32_SEL,I,,BP_CSTAP_AWADDR32_SEL,I,,580,OK
BP_CSTAP_ARADDR32,I,,BP_CSTAP_ARADDR32,I,,581,OK
BP_CSTAP_ARADDR32_SEL,I,,BP_CSTAP_ARADDR32_SEL,I,,582,OK
BP_CSTETR_AWADDR32,I,,BP_CSTETR_AWADDR32,I,,583,OK
BP_CSTETR_AWADDR32_SEL,I,,BP_CSTETR_AWADDR32_SEL,I,,584,OK
BP_CSTETR_ARADDR32,I,,BP_CSTETR_ARADDR32,I,,585,OK
BP_CSTETR_ARADDR32_SEL,I,,BP_CSTETR_ARADDR32_SEL,I,,586,OK
HADDR_SHCM3IC,I,[32:0] ,HADDR_SHCM3IC,I,[32:0] ,589,OK
HBURST_SHCM3IC,I,[2:0]  ,HBURST_SHCM3IC,I,[2:0]  ,590,OK
HPROT_SHCM3IC,I,[3:0]  ,HPROT_SHCM3IC,I,[3:0]  ,591,OK
HSIZE_SHCM3IC,I,[2:0]  ,HSIZE_SHCM3IC,I,[2:0]  ,592,OK
HTRANS_SHCM3IC,I,[1:0]  ,HTRANS_SHCM3IC,I,[1:0]  ,593,OK
HWRITE_SHCM3IC,I,,HWRITE_SHCM3IC,I,,594,OK
HAUSER_SHCM3IC,I,[14:0]  ,HAUSER_SHCM3IC,I,[14:0]  ,599,OK
HWDATA_SHCM3IC,I,[31:0] ,HWDATA_SHCM3IC,I,[31:0] ,595,OK
HRDATA_SHCM3IC,O,[31:0] ,HRDATA_SHCM3IC,O,[31:0] ,596,OK
HRESP_SHCM3IC,O,,HRESP_SHCM3IC,O,,597,OK
HREADY_SHCM3IC,O,,HREADY_SHCM3IC,O,,598,OK
HADDR_SHCM3DC,I,[32:0] ,HADDR_SHCM3DC,I,[32:0] ,601,OK
HBURST_SHCM3DC,I,[2:0]  ,HBURST_SHCM3DC,I,[2:0]  ,602,OK
HPROT_SHCM3DC,I,[3:0]  ,HPROT_SHCM3DC,I,[3:0]  ,603,OK
HSIZE_SHCM3DC,I,[2:0]  ,HSIZE_SHCM3DC,I,[2:0]  ,604,OK
HTRANS_SHCM3DC,I,[1:0]  ,HTRANS_SHCM3DC,I,[1:0]  ,605,OK
HWRITE_SHCM3DC,I,,HWRITE_SHCM3DC,I,,606,OK
HAUSER_SHCM3DC,I,[14:0]  ,HAUSER_SHCM3DC,I,[14:0]  ,611,OK
HWDATA_SHCM3DC,I,[31:0] ,HWDATA_SHCM3DC,I,[31:0] ,607,OK
HRDATA_SHCM3DC,O,[31:0] ,HRDATA_SHCM3DC,O,[31:0] ,608,OK
HRESP_SHCM3DC,O,,HRESP_SHCM3DC,O,,609,OK
HREADY_SHCM3DC,O,,HREADY_SHCM3DC,O,,610,OK
HADDR_SHCM3SYS,I,[32:0] ,HADDR_SHCM3SYS,I,[32:0] ,613,OK
HBURST_SHCM3SYS,I,[2:0]  ,HBURST_SHCM3SYS,I,[2:0]  ,614,OK
HPROT_SHCM3SYS,I,[3:0]  ,HPROT_SHCM3SYS,I,[3:0]  ,615,OK
HSIZE_SHCM3SYS,I,[2:0]  ,HSIZE_SHCM3SYS,I,[2:0]  ,616,OK
HTRANS_SHCM3SYS,I,[1:0]  ,HTRANS_SHCM3SYS,I,[1:0]  ,617,OK
HWRITE_SHCM3SYS,I,,HWRITE_SHCM3SYS,I,,618,OK
HAUSER_SHCM3SYS,I,[14:0]  ,HAUSER_SHCM3SYS,I,[14:0]  ,623,OK
HWDATA_SHCM3SYS,I,[31:0] ,HWDATA_SHCM3SYS,I,[31:0] ,619,OK
HRDATA_SHCM3SYS,O,[31:0] ,HRDATA_SHCM3SYS,O,[31:0] ,620,OK
HRESP_SHCM3SYS,O,,HRESP_SHCM3SYS,O,,621,OK
HREADY_SHCM3SYS,O,,HREADY_SHCM3SYS,O,,622,OK
AWID_SXGETHER,I,[3:0]  ,AWID_SXGETHER,I,[3:0]  ,625,OK
AWADDR_SXGETHER,I,[32:0] ,AWADDR_SXGETHER,I,[32:0] ,626,OK
AWLEN_SXGETHER,I,[3:0]  ,AWLEN_SXGETHER,I,[3:0]  ,627,OK
AWSIZE_SXGETHER,I,[2:0]  ,AWSIZE_SXGETHER,I,[2:0]  ,628,OK
AWBURST_SXGETHER,I,[1:0]  ,AWBURST_SXGETHER,I,[1:0]  ,629,OK
AWLOCK_SXGETHER,I,[1:0]  ,AWLOCK_SXGETHER,I,[1:0]  ,630,OK
AWCACHE_SXGETHER,I,[3:0]  ,AWCACHE_SXGETHER,I,[3:0]  ,631,OK
AWPROT_SXGETHER,I,[2:0]  ,AWPROT_SXGETHER,I,[2:0]  ,632,OK
AWUSER_SXGETHER,I,[14:0]  ,AWUSER_SXGETHER,I,[14:0]  ,661,OK
AWVALID_SXGETHER,I,,AWVALID_SXGETHER,I,,633,OK
AWREADY_SXGETHER,O,,AWREADY_SXGETHER,O,,634,OK
WID_SXGETHER,I,[3:0]  ,WID_SXGETHER,I,[3:0]  ,635,OK
WDATA_SXGETHER,I,[127:0],WDATA_SXGETHER,I,[127:0],636,OK
WSTRB_SXGETHER,I,[15:0] ,WSTRB_SXGETHER,I,[15:0] ,637,OK
WLAST_SXGETHER,I,,WLAST_SXGETHER,I,,638,OK
WVALID_SXGETHER,I,,WVALID_SXGETHER,I,,639,OK
WREADY_SXGETHER,O,,WREADY_SXGETHER,O,,640,OK
BID_SXGETHER,O,[3:0]  ,BID_SXGETHER,O,[3:0]  ,641,OK
BRESP_SXGETHER,O,[1:0]  ,BRESP_SXGETHER,O,[1:0]  ,642,OK
BVALID_SXGETHER,O,,BVALID_SXGETHER,O,,643,OK
BREADY_SXGETHER,I,,BREADY_SXGETHER,I,,644,OK
ARID_SXGETHER,I,[3:0]  ,ARID_SXGETHER,I,[3:0]  ,645,OK
ARADDR_SXGETHER,I,[32:0] ,ARADDR_SXGETHER,I,[32:0] ,646,OK
ARLEN_SXGETHER,I,[3:0]  ,ARLEN_SXGETHER,I,[3:0]  ,647,OK
ARSIZE_SXGETHER,I,[2:0]  ,ARSIZE_SXGETHER,I,[2:0]  ,648,OK
ARBURST_SXGETHER,I,[1:0]  ,ARBURST_SXGETHER,I,[1:0]  ,649,OK
ARLOCK_SXGETHER,I,[1:0]  ,ARLOCK_SXGETHER,I,[1:0]  ,650,OK
ARCACHE_SXGETHER,I,[3:0]  ,ARCACHE_SXGETHER,I,[3:0]  ,651,OK
ARPROT_SXGETHER,I,[2:0]  ,ARPROT_SXGETHER,I,[2:0]  ,652,OK
ARUSER_SXGETHER,I,[14:0]  ,ARUSER_SXGETHER,I,[14:0]  ,662,OK
ARVALID_SXGETHER,I,,ARVALID_SXGETHER,I,,653,OK
ARREADY_SXGETHER,O,,ARREADY_SXGETHER,O,,654,OK
RID_SXGETHER,O,[3:0]  ,RID_SXGETHER,O,[3:0]  ,655,OK
RDATA_SXGETHER,O,[127:0],RDATA_SXGETHER,O,[127:0],656,OK
RRESP_SXGETHER,O,[1:0]  ,RRESP_SXGETHER,O,[1:0]  ,657,OK
RLAST_SXGETHER,O,,RLAST_SXGETHER,O,,658,OK
RVALID_SXGETHER,O,,RVALID_SXGETHER,O,,659,OK
RREADY_SXGETHER,I,,RREADY_SXGETHER,I,,660,OK
AWADDR_SXDAPAP,I,[32:0] ,AWADDR_SXDAPAP,I,[32:0] ,664,OK
AWLEN_SXDAPAP,I,[7:0]  ,AWLEN_SXDAPAP,I,[7:0]  ,665,OK
AWSIZE_SXDAPAP,I,[2:0]  ,AWSIZE_SXDAPAP,I,[2:0]  ,666,OK
AWBURST_SXDAPAP,I,[1:0]  ,AWBURST_SXDAPAP,I,[1:0]  ,667,OK
AWLOCK_SXDAPAP,I,,AWLOCK_SXDAPAP,I,,668,OK
AWCACHE_SXDAPAP,I,[3:0]  ,AWCACHE_SXDAPAP,I,[3:0]  ,669,OK
AWPROT_SXDAPAP,I,[2:0]  ,AWPROT_SXDAPAP,I,[2:0]  ,670,OK
AWUSER_SXDAPAP,I,[14:0]  ,AWUSER_SXDAPAP,I,[14:0]  ,695,OK
AWVALID_SXDAPAP,I,,AWVALID_SXDAPAP,I,,671,OK
AWREADY_SXDAPAP,O,,AWREADY_SXDAPAP,O,,672,OK
WDATA_SXDAPAP,I,[63:0] ,WDATA_SXDAPAP,I,[63:0] ,673,OK
WSTRB_SXDAPAP,I,[7:0]  ,WSTRB_SXDAPAP,I,[7:0]  ,674,OK
WLAST_SXDAPAP,I,,WLAST_SXDAPAP,I,,675,OK
WVALID_SXDAPAP,I,,WVALID_SXDAPAP,I,,676,OK
WREADY_SXDAPAP,O,,WREADY_SXDAPAP,O,,677,OK
BRESP_SXDAPAP,O,[1:0]  ,BRESP_SXDAPAP,O,[1:0]  ,678,OK
BVALID_SXDAPAP,O,,BVALID_SXDAPAP,O,,679,OK
BREADY_SXDAPAP,I,,BREADY_SXDAPAP,I,,680,OK
ARADDR_SXDAPAP,I,[32:0] ,ARADDR_SXDAPAP,I,[32:0] ,681,OK
ARLEN_SXDAPAP,I,[7:0]  ,ARLEN_SXDAPAP,I,[7:0]  ,682,OK
ARSIZE_SXDAPAP,I,[2:0]  ,ARSIZE_SXDAPAP,I,[2:0]  ,683,OK
ARBURST_SXDAPAP,I,[1:0]  ,ARBURST_SXDAPAP,I,[1:0]  ,684,OK
ARLOCK_SXDAPAP,I,,ARLOCK_SXDAPAP,I,,685,OK
ARCACHE_SXDAPAP,I,[3:0]  ,ARCACHE_SXDAPAP,I,[3:0]  ,686,OK
ARPROT_SXDAPAP,I,[2:0]  ,ARPROT_SXDAPAP,I,[2:0]  ,687,OK
ARUSER_SXDAPAP,I,[14:0]  ,ARUSER_SXDAPAP,I,[14:0]  ,696,OK
ARVALID_SXDAPAP,I,,ARVALID_SXDAPAP,I,,688,OK
ARREADY_SXDAPAP,O,,ARREADY_SXDAPAP,O,,689,OK
RDATA_SXDAPAP,O,[63:0] ,RDATA_SXDAPAP,O,[63:0] ,690,OK
RRESP_SXDAPAP,O,[1:0]  ,RRESP_SXDAPAP,O,[1:0]  ,691,OK
RLAST_SXDAPAP,O,,RLAST_SXDAPAP,O,,692,OK
RVALID_SXDAPAP,O,,RVALID_SXDAPAP,O,,693,OK
RREADY_SXDAPAP,I,,RREADY_SXDAPAP,I,,694,OK
AWADDR_SXETR,I,[32:0] ,AWADDR_SXETR,I,[32:0] ,698,OK
AWLEN_SXETR,I,[3:0]  ,AWLEN_SXETR,I,[3:0]  ,699,OK
AWSIZE_SXETR,I,[2:0]  ,AWSIZE_SXETR,I,[2:0]  ,700,OK
AWBURST_SXETR,I,[1:0]  ,AWBURST_SXETR,I,[1:0]  ,701,OK
AWLOCK_SXETR,I,[1:0]  ,AWLOCK_SXETR,I,[1:0]  ,702,OK
AWCACHE_SXETR,I,[3:0]  ,AWCACHE_SXETR,I,[3:0]  ,703,OK
AWPROT_SXETR,I,[2:0]  ,AWPROT_SXETR,I,[2:0]  ,704,OK
AWUSER_SXETR,I,[14:0]  ,AWUSER_SXETR,I,[14:0]  ,729,OK
AWVALID_SXETR,I,,AWVALID_SXETR,I,,705,OK
AWREADY_SXETR,O,,AWREADY_SXETR,O,,706,OK
WDATA_SXETR,I,[63:0] ,WDATA_SXETR,I,[63:0] ,707,OK
WSTRB_SXETR,I,[7:0]  ,WSTRB_SXETR,I,[7:0]  ,708,OK
WLAST_SXETR,I,,WLAST_SXETR,I,,709,OK
WVALID_SXETR,I,,WVALID_SXETR,I,,710,OK
WREADY_SXETR,O,,WREADY_SXETR,O,,711,OK
BRESP_SXETR,O,[1:0]  ,BRESP_SXETR,O,[1:0]  ,712,OK
BVALID_SXETR,O,,BVALID_SXETR,O,,713,OK
BREADY_SXETR,I,,BREADY_SXETR,I,,714,OK
ARADDR_SXETR,I,[32:0] ,ARADDR_SXETR,I,[32:0] ,715,OK
ARLEN_SXETR,I,[3:0]  ,ARLEN_SXETR,I,[3:0]  ,716,OK
ARSIZE_SXETR,I,[2:0]  ,ARSIZE_SXETR,I,[2:0]  ,717,OK
ARBURST_SXETR,I,[1:0]  ,ARBURST_SXETR,I,[1:0]  ,718,OK
ARLOCK_SXETR,I,[1:0]  ,ARLOCK_SXETR,I,[1:0]  ,719,OK
ARCACHE_SXETR,I,[3:0]  ,ARCACHE_SXETR,I,[3:0]  ,720,OK
ARPROT_SXETR,I,[2:0]  ,ARPROT_SXETR,I,[2:0]  ,721,OK
ARUSER_SXETR,I,[14:0]  ,ARUSER_SXETR,I,[14:0]  ,730,OK
ARVALID_SXETR,I,,ARVALID_SXETR,I,,722,OK
ARREADY_SXETR,O,,ARREADY_SXETR,O,,723,OK
RDATA_SXETR,O,[63:0] ,RDATA_SXETR,O,[63:0] ,724,OK
RRESP_SXETR,O,[1:0]  ,RRESP_SXETR,O,[1:0]  ,725,OK
RLAST_SXETR,O,,RLAST_SXETR,O,,726,OK
RVALID_SXETR,O,,RVALID_SXETR,O,,727,OK
RREADY_SXETR,I,,RREADY_SXETR,I,,728,OK
AWID_SXCSSMST,I,[15:0] ,AWID_SXCSSMST,I,[15:0] ,732,OK
AWADDR_SXCSSMST,I,[32:0] ,AWADDR_SXCSSMST,I,[32:0] ,733,OK
AWLEN_SXCSSMST,I,[7:0]  ,AWLEN_SXCSSMST,I,[7:0]  ,734,OK
AWSIZE_SXCSSMST,I,[2:0]  ,AWSIZE_SXCSSMST,I,[2:0]  ,735,OK
AWBURST_SXCSSMST,I,[1:0]  ,AWBURST_SXCSSMST,I,[1:0]  ,736,OK
AWLOCK_SXCSSMST,I,,AWLOCK_SXCSSMST,I,,737,OK
AWCACHE_SXCSSMST,I,[3:0]  ,AWCACHE_SXCSSMST,I,[3:0]  ,738,OK
AWPROT_SXCSSMST,I,[2:0]  ,AWPROT_SXCSSMST,I,[2:0]  ,739,OK
AWUSER_SXCSSMST,I,[14:0]  ,AWUSER_SXCSSMST,I,[14:0]  ,767,OK
AWVALID_SXCSSMST,I,,AWVALID_SXCSSMST,I,,740,OK
AWREADY_SXCSSMST,O,,AWREADY_SXCSSMST,O,,741,OK
WDATA_SXCSSMST,I,[63:0] ,WDATA_SXCSSMST,I,[63:0] ,742,OK
WSTRB_SXCSSMST,I,[7:0]  ,WSTRB_SXCSSMST,I,[7:0]  ,743,OK
WLAST_SXCSSMST,I,,WLAST_SXCSSMST,I,,744,OK
WVALID_SXCSSMST,I,,WVALID_SXCSSMST,I,,745,OK
WREADY_SXCSSMST,O,,WREADY_SXCSSMST,O,,746,OK
BID_SXCSSMST,O,[15:0] ,BID_SXCSSMST,O,[15:0] ,747,OK
BRESP_SXCSSMST,O,[1:0]  ,BRESP_SXCSSMST,O,[1:0]  ,748,OK
BVALID_SXCSSMST,O,,BVALID_SXCSSMST,O,,749,OK
BREADY_SXCSSMST,I,,BREADY_SXCSSMST,I,,750,OK
ARID_SXCSSMST,I,[15:0] ,ARID_SXCSSMST,I,[15:0] ,751,OK
ARADDR_SXCSSMST,I,[32:0] ,ARADDR_SXCSSMST,I,[32:0] ,752,OK
ARLEN_SXCSSMST,I,[7:0]  ,ARLEN_SXCSSMST,I,[7:0]  ,753,OK
ARSIZE_SXCSSMST,I,[2:0]  ,ARSIZE_SXCSSMST,I,[2:0]  ,754,OK
ARBURST_SXCSSMST,I,[1:0]  ,ARBURST_SXCSSMST,I,[1:0]  ,755,OK
ARLOCK_SXCSSMST,I,,ARLOCK_SXCSSMST,I,,756,OK
ARCACHE_SXCSSMST,I,[3:0]  ,ARCACHE_SXCSSMST,I,[3:0]  ,757,OK
ARPROT_SXCSSMST,I,[2:0]  ,ARPROT_SXCSSMST,I,[2:0]  ,758,OK
ARUSER_SXCSSMST,I,[14:0]  ,ARUSER_SXCSSMST,I,[14:0]  ,768,OK
ARVALID_SXCSSMST,I,,ARVALID_SXCSSMST,I,,759,OK
ARREADY_SXCSSMST,O,,ARREADY_SXCSSMST,O,,760,OK
RID_SXCSSMST,O,[15:0] ,RID_SXCSSMST,O,[15:0] ,761,OK
RDATA_SXCSSMST,O,[63:0] ,RDATA_SXCSSMST,O,[63:0] ,762,OK
RRESP_SXCSSMST,O,[1:0]  ,RRESP_SXCSSMST,O,[1:0]  ,763,OK
RLAST_SXCSSMST,O,,RLAST_SXCSSMST,O,,764,OK
RVALID_SXCSSMST,O,,RVALID_SXCSSMST,O,,765,OK
RREADY_SXCSSMST,I,,RREADY_SXCSSMST,I,,766,OK
AWID_MXSCPROM,O,[18:0] ,AWID_MXSCPROM,O,[18:0] ,770,OK
AWADDR_MXSCPROM,O,[32:0] ,AWADDR_MXSCPROM,O,[32:0] ,771,OK
AWLEN_MXSCPROM,O,[3:0]  ,AWLEN_MXSCPROM,O,[3:0]  ,772,OK
AWSIZE_MXSCPROM,O,[2:0]  ,AWSIZE_MXSCPROM,O,[2:0]  ,773,OK
AWBURST_MXSCPROM,O,[1:0]  ,AWBURST_MXSCPROM,O,[1:0]  ,774,OK
AWLOCK_MXSCPROM,O,[1:0]  ,AWLOCK_MXSCPROM,O,[1:0]  ,775,OK
AWCACHE_MXSCPROM,O,[3:0]  ,AWCACHE_MXSCPROM,O,[3:0]  ,776,OK
AWPROT_MXSCPROM,O,[2:0]  ,AWPROT_MXSCPROM,O,[2:0]  ,777,OK
AWVALID_MXSCPROM,O,,AWVALID_MXSCPROM,O,,778,OK
AWREADY_MXSCPROM,I,,AWREADY_MXSCPROM,I,,779,OK
WID_MXSCPROM,O,[18:0] ,WID_MXSCPROM,O,[18:0] ,780,OK
WDATA_MXSCPROM,O,[63:0] ,WDATA_MXSCPROM,O,[63:0] ,781,OK
WSTRB_MXSCPROM,O,[7:0]  ,WSTRB_MXSCPROM,O,[7:0]  ,782,OK
WLAST_MXSCPROM,O,,WLAST_MXSCPROM,O,,783,OK
WVALID_MXSCPROM,O,,WVALID_MXSCPROM,O,,784,OK
WREADY_MXSCPROM,I,,WREADY_MXSCPROM,I,,785,OK
BID_MXSCPROM,I,[18:0] ,BID_MXSCPROM,I,[18:0] ,786,OK
BRESP_MXSCPROM,I,[1:0]  ,BRESP_MXSCPROM,I,[1:0]  ,787,OK
BVALID_MXSCPROM,I,,BVALID_MXSCPROM,I,,788,OK
BREADY_MXSCPROM,O,,BREADY_MXSCPROM,O,,789,OK
ARID_MXSCPROM,O,[18:0] ,ARID_MXSCPROM,O,[18:0] ,790,OK
ARADDR_MXSCPROM,O,[32:0] ,ARADDR_MXSCPROM,O,[32:0] ,791,OK
ARLEN_MXSCPROM,O,[3:0]  ,ARLEN_MXSCPROM,O,[3:0]  ,792,OK
ARSIZE_MXSCPROM,O,[2:0]  ,ARSIZE_MXSCPROM,O,[2:0]  ,793,OK
ARBURST_MXSCPROM,O,[1:0]  ,ARBURST_MXSCPROM,O,[1:0]  ,794,OK
ARLOCK_MXSCPROM,O,[1:0]  ,ARLOCK_MXSCPROM,O,[1:0]  ,795,OK
ARCACHE_MXSCPROM,O,[3:0]  ,ARCACHE_MXSCPROM,O,[3:0]  ,796,OK
ARPROT_MXSCPROM,O,[2:0]  ,ARPROT_MXSCPROM,O,[2:0]  ,797,OK
ARVALID_MXSCPROM,O,,ARVALID_MXSCPROM,O,,798,OK
ARREADY_MXSCPROM,I,,ARREADY_MXSCPROM,I,,799,OK
RID_MXSCPROM,I,[18:0] ,RID_MXSCPROM,I,[18:0] ,800,OK
RDATA_MXSCPROM,I,[63:0] ,RDATA_MXSCPROM,I,[63:0] ,801,OK
RRESP_MXSCPROM,I,[1:0]  ,RRESP_MXSCPROM,I,[1:0]  ,802,OK
RLAST_MXSCPROM,I,,RLAST_MXSCPROM,I,,803,OK
RVALID_MXSCPROM,I,,RVALID_MXSCPROM,I,,804,OK
RREADY_MXSCPROM,O,,RREADY_MXSCPROM,O,,805,OK
AWID_MXSCPRAM,O,[18:0] ,AWID_MXSCPRAM,O,[18:0] ,807,OK
AWADDR_MXSCPRAM,O,[32:0] ,AWADDR_MXSCPRAM,O,[32:0] ,808,OK
AWLEN_MXSCPRAM,O,[3:0]  ,AWLEN_MXSCPRAM,O,[3:0]  ,809,OK
AWSIZE_MXSCPRAM,O,[2:0]  ,AWSIZE_MXSCPRAM,O,[2:0]  ,810,OK
AWBURST_MXSCPRAM,O,[1:0]  ,AWBURST_MXSCPRAM,O,[1:0]  ,811,OK
AWLOCK_MXSCPRAM,O,[1:0]  ,AWLOCK_MXSCPRAM,O,[1:0]  ,812,OK
AWCACHE_MXSCPRAM,O,[3:0]  ,AWCACHE_MXSCPRAM,O,[3:0]  ,813,OK
AWPROT_MXSCPRAM,O,[2:0]  ,AWPROT_MXSCPRAM,O,[2:0]  ,814,OK
AWVALID_MXSCPRAM,O,,AWVALID_MXSCPRAM,O,,815,OK
AWREADY_MXSCPRAM,I,,AWREADY_MXSCPRAM,I,,816,OK
WID_MXSCPRAM,O,[18:0] ,WID_MXSCPRAM,O,[18:0] ,817,OK
WDATA_MXSCPRAM,O,[63:0] ,WDATA_MXSCPRAM,O,[63:0] ,818,OK
WSTRB_MXSCPRAM,O,[7:0]  ,WSTRB_MXSCPRAM,O,[7:0]  ,819,OK
WLAST_MXSCPRAM,O,,WLAST_MXSCPRAM,O,,820,OK
WVALID_MXSCPRAM,O,,WVALID_MXSCPRAM,O,,821,OK
WREADY_MXSCPRAM,I,,WREADY_MXSCPRAM,I,,822,OK
BID_MXSCPRAM,I,[18:0] ,BID_MXSCPRAM,I,[18:0] ,823,OK
BRESP_MXSCPRAM,I,[1:0]  ,BRESP_MXSCPRAM,I,[1:0]  ,824,OK
BVALID_MXSCPRAM,I,,BVALID_MXSCPRAM,I,,825,OK
BREADY_MXSCPRAM,O,,BREADY_MXSCPRAM,O,,826,OK
ARID_MXSCPRAM,O,[18:0] ,ARID_MXSCPRAM,O,[18:0] ,827,OK
ARADDR_MXSCPRAM,O,[32:0] ,ARADDR_MXSCPRAM,O,[32:0] ,828,OK
ARLEN_MXSCPRAM,O,[3:0]  ,ARLEN_MXSCPRAM,O,[3:0]  ,829,OK
ARSIZE_MXSCPRAM,O,[2:0]  ,ARSIZE_MXSCPRAM,O,[2:0]  ,830,OK
ARBURST_MXSCPRAM,O,[1:0]  ,ARBURST_MXSCPRAM,O,[1:0]  ,831,OK
ARLOCK_MXSCPRAM,O,[1:0]  ,ARLOCK_MXSCPRAM,O,[1:0]  ,832,OK
ARCACHE_MXSCPRAM,O,[3:0]  ,ARCACHE_MXSCPRAM,O,[3:0]  ,833,OK
ARPROT_MXSCPRAM,O,[2:0]  ,ARPROT_MXSCPRAM,O,[2:0]  ,834,OK
ARVALID_MXSCPRAM,O,,ARVALID_MXSCPRAM,O,,835,OK
ARREADY_MXSCPRAM,I,,ARREADY_MXSCPRAM,I,,836,OK
RID_MXSCPRAM,I,[18:0] ,RID_MXSCPRAM,I,[18:0] ,837,OK
RDATA_MXSCPRAM,I,[63:0] ,RDATA_MXSCPRAM,I,[63:0] ,838,OK
RRESP_MXSCPRAM,I,[1:0]  ,RRESP_MXSCPRAM,I,[1:0]  ,839,OK
RLAST_MXSCPRAM,I,,RLAST_MXSCPRAM,I,,840,OK
RVALID_MXSCPRAM,I,,RVALID_MXSCPRAM,I,,841,OK
RREADY_MXSCPRAM,O,,RREADY_MXSCPRAM,O,,842,OK
AWID_MXGBERAM,O,[18:0] ,AWID_MXGBERAM,O,[18:0] ,844,OK
AWADDR_MXGBERAM,O,[32:0] ,AWADDR_MXGBERAM,O,[32:0] ,845,OK
AWLEN_MXGBERAM,O,[3:0]  ,AWLEN_MXGBERAM,O,[3:0]  ,846,OK
AWSIZE_MXGBERAM,O,[2:0]  ,AWSIZE_MXGBERAM,O,[2:0]  ,847,OK
AWBURST_MXGBERAM,O,[1:0]  ,AWBURST_MXGBERAM,O,[1:0]  ,848,OK
AWLOCK_MXGBERAM,O,[1:0]  ,AWLOCK_MXGBERAM,O,[1:0]  ,849,OK
AWCACHE_MXGBERAM,O,[3:0]  ,AWCACHE_MXGBERAM,O,[3:0]  ,850,OK
AWPROT_MXGBERAM,O,[2:0]  ,AWPROT_MXGBERAM,O,[2:0]  ,851,OK
AWVALID_MXGBERAM,O,,AWVALID_MXGBERAM,O,,852,OK
AWREADY_MXGBERAM,I,,AWREADY_MXGBERAM,I,,853,OK
WID_MXGBERAM,O,[18:0] ,WID_MXGBERAM,O,[18:0] ,854,OK
WDATA_MXGBERAM,O,[63:0] ,WDATA_MXGBERAM,O,[63:0] ,855,OK
WSTRB_MXGBERAM,O,[7:0]  ,WSTRB_MXGBERAM,O,[7:0]  ,856,OK
WLAST_MXGBERAM,O,,WLAST_MXGBERAM,O,,857,OK
WVALID_MXGBERAM,O,,WVALID_MXGBERAM,O,,858,OK
WREADY_MXGBERAM,I,,WREADY_MXGBERAM,I,,859,OK
BID_MXGBERAM,I,[18:0] ,BID_MXGBERAM,I,[18:0] ,860,OK
BRESP_MXGBERAM,I,[1:0]  ,BRESP_MXGBERAM,I,[1:0]  ,861,OK
BVALID_MXGBERAM,I,,BVALID_MXGBERAM,I,,862,OK
BREADY_MXGBERAM,O,,BREADY_MXGBERAM,O,,863,OK
ARID_MXGBERAM,O,[18:0] ,ARID_MXGBERAM,O,[18:0] ,864,OK
ARADDR_MXGBERAM,O,[32:0] ,ARADDR_MXGBERAM,O,[32:0] ,865,OK
ARLEN_MXGBERAM,O,[3:0]  ,ARLEN_MXGBERAM,O,[3:0]  ,866,OK
ARSIZE_MXGBERAM,O,[2:0]  ,ARSIZE_MXGBERAM,O,[2:0]  ,867,OK
ARBURST_MXGBERAM,O,[1:0]  ,ARBURST_MXGBERAM,O,[1:0]  ,868,OK
ARLOCK_MXGBERAM,O,[1:0]  ,ARLOCK_MXGBERAM,O,[1:0]  ,869,OK
ARCACHE_MXGBERAM,O,[3:0]  ,ARCACHE_MXGBERAM,O,[3:0]  ,870,OK
ARPROT_MXGBERAM,O,[2:0]  ,ARPROT_MXGBERAM,O,[2:0]  ,871,OK
ARVALID_MXGBERAM,O,,ARVALID_MXGBERAM,O,,872,OK
ARREADY_MXGBERAM,I,,ARREADY_MXGBERAM,I,,873,OK
RID_MXGBERAM,I,[18:0] ,RID_MXGBERAM,I,[18:0] ,874,OK
RDATA_MXGBERAM,I,[63:0] ,RDATA_MXGBERAM,I,[63:0] ,875,OK
RRESP_MXGBERAM,I,[1:0]  ,RRESP_MXGBERAM,I,[1:0]  ,876,OK
RLAST_MXGBERAM,I,,RLAST_MXGBERAM,I,,877,OK
RVALID_MXGBERAM,I,,RVALID_MXGBERAM,I,,878,OK
RREADY_MXGBERAM,O,,RREADY_MXGBERAM,O,,879,OK
AWID_MXNVRAM,O,[18:0] ,AWID_MXNVRAM,O,[18:0] ,881,OK
AWADDR_MXNVRAM,O,[32:0] ,AWADDR_MXNVRAM,O,[32:0] ,882,OK
AWLEN_MXNVRAM,O,[3:0]  ,AWLEN_MXNVRAM,O,[3:0]  ,883,OK
AWSIZE_MXNVRAM,O,[2:0]  ,AWSIZE_MXNVRAM,O,[2:0]  ,884,OK
AWBURST_MXNVRAM,O,[1:0]  ,AWBURST_MXNVRAM,O,[1:0]  ,885,OK
AWLOCK_MXNVRAM,O,[1:0]  ,AWLOCK_MXNVRAM,O,[1:0]  ,886,OK
AWCACHE_MXNVRAM,O,[3:0]  ,AWCACHE_MXNVRAM,O,[3:0]  ,887,OK
AWPROT_MXNVRAM,O,[2:0]  ,AWPROT_MXNVRAM,O,[2:0]  ,888,OK
AWVALID_MXNVRAM,O,,AWVALID_MXNVRAM,O,,889,OK
AWREADY_MXNVRAM,I,,AWREADY_MXNVRAM,I,,890,OK
WID_MXNVRAM,O,[18:0] ,WID_MXNVRAM,O,[18:0] ,891,OK
WDATA_MXNVRAM,O,[63:0] ,WDATA_MXNVRAM,O,[63:0] ,892,OK
WSTRB_MXNVRAM,O,[7:0]  ,WSTRB_MXNVRAM,O,[7:0]  ,893,OK
WLAST_MXNVRAM,O,,WLAST_MXNVRAM,O,,894,OK
WVALID_MXNVRAM,O,,WVALID_MXNVRAM,O,,895,OK
WREADY_MXNVRAM,I,,WREADY_MXNVRAM,I,,896,OK
BID_MXNVRAM,I,[18:0] ,BID_MXNVRAM,I,[18:0] ,897,OK
BRESP_MXNVRAM,I,[1:0]  ,BRESP_MXNVRAM,I,[1:0]  ,898,OK
BVALID_MXNVRAM,I,,BVALID_MXNVRAM,I,,899,OK
BREADY_MXNVRAM,O,,BREADY_MXNVRAM,O,,900,OK
ARID_MXNVRAM,O,[18:0] ,ARID_MXNVRAM,O,[18:0] ,901,OK
ARADDR_MXNVRAM,O,[32:0] ,ARADDR_MXNVRAM,O,[32:0] ,902,OK
ARLEN_MXNVRAM,O,[3:0]  ,ARLEN_MXNVRAM,O,[3:0]  ,903,OK
ARSIZE_MXNVRAM,O,[2:0]  ,ARSIZE_MXNVRAM,O,[2:0]  ,904,OK
ARBURST_MXNVRAM,O,[1:0]  ,ARBURST_MXNVRAM,O,[1:0]  ,905,OK
ARLOCK_MXNVRAM,O,[1:0]  ,ARLOCK_MXNVRAM,O,[1:0]  ,906,OK
ARCACHE_MXNVRAM,O,[3:0]  ,ARCACHE_MXNVRAM,O,[3:0]  ,907,OK
ARPROT_MXNVRAM,O,[2:0]  ,ARPROT_MXNVRAM,O,[2:0]  ,908,OK
ARVALID_MXNVRAM,O,,ARVALID_MXNVRAM,O,,909,OK
ARREADY_MXNVRAM,I,,ARREADY_MXNVRAM,I,,910,OK
RID_MXNVRAM,I,[18:0] ,RID_MXNVRAM,I,[18:0] ,911,OK
RDATA_MXNVRAM,I,[63:0] ,RDATA_MXNVRAM,I,[63:0] ,912,OK
RRESP_MXNVRAM,I,[1:0]  ,RRESP_MXNVRAM,I,[1:0]  ,913,OK
RLAST_MXNVRAM,I,,RLAST_MXNVRAM,I,,914,OK
RVALID_MXNVRAM,I,,RVALID_MXNVRAM,I,,915,OK
RREADY_MXNVRAM,O,,RREADY_MXNVRAM,O,,916,OK
AWID_MXSTM,O,[18:0] ,AWID_MXSTM,O,[18:0] ,918,OK
AWADDR_MXSTM,O,[32:0] ,AWADDR_MXSTM,O,[32:0] ,919,OK
AWLEN_MXSTM,O,[7:0]  ,AWLEN_MXSTM,O,[7:0]  ,920,OK
AWSIZE_MXSTM,O,[2:0]  ,AWSIZE_MXSTM,O,[2:0]  ,921,OK
AWBURST_MXSTM,O,[1:0]  ,AWBURST_MXSTM,O,[1:0]  ,922,OK
AWLOCK_MXSTM,O,,AWLOCK_MXSTM,O,,923,OK
AWCACHE_MXSTM,O,[3:0]  ,AWCACHE_MXSTM,O,[3:0]  ,924,OK
AWPROT_MXSTM,O,[2:0]  ,AWPROT_MXSTM,O,[2:0]  ,925,OK
AWUSER_MXSTM,O,[14:0]  ,AWUSER_MXSTM,O,[14:0]  ,953,OK
AWVALID_MXSTM,O,,AWVALID_MXSTM,O,,926,OK
AWREADY_MXSTM,I,,AWREADY_MXSTM,I,,927,OK
WDATA_MXSTM,O,[63:0] ,WDATA_MXSTM,O,[63:0] ,928,OK
WSTRB_MXSTM,O,[7:0]  ,WSTRB_MXSTM,O,[7:0]  ,929,OK
WLAST_MXSTM,O,,WLAST_MXSTM,O,,930,OK
WVALID_MXSTM,O,,WVALID_MXSTM,O,,931,OK
WREADY_MXSTM,I,,WREADY_MXSTM,I,,932,OK
BID_MXSTM,I,[18:0] ,BID_MXSTM,I,[18:0] ,933,OK
BRESP_MXSTM,I,[1:0]  ,BRESP_MXSTM,I,[1:0]  ,934,OK
BVALID_MXSTM,I,,BVALID_MXSTM,I,,935,OK
BREADY_MXSTM,O,,BREADY_MXSTM,O,,936,OK
ARID_MXSTM,O,[18:0] ,ARID_MXSTM,O,[18:0] ,937,OK
ARADDR_MXSTM,O,[32:0] ,ARADDR_MXSTM,O,[32:0] ,938,OK
ARLEN_MXSTM,O,[7:0]  ,ARLEN_MXSTM,O,[7:0]  ,939,OK
ARSIZE_MXSTM,O,[2:0]  ,ARSIZE_MXSTM,O,[2:0]  ,940,OK
ARBURST_MXSTM,O,[1:0]  ,ARBURST_MXSTM,O,[1:0]  ,941,OK
ARLOCK_MXSTM,O,,ARLOCK_MXSTM,O,,942,OK
ARCACHE_MXSTM,O,[3:0]  ,ARCACHE_MXSTM,O,[3:0]  ,943,OK
ARPROT_MXSTM,O,[2:0]  ,ARPROT_MXSTM,O,[2:0]  ,944,OK
ARUSER_MXSTM,O,[14:0]  ,ARUSER_MXSTM,O,[14:0]  ,954,OK
ARVALID_MXSTM,O,,ARVALID_MXSTM,O,,945,OK
ARREADY_MXSTM,I,,ARREADY_MXSTM,I,,946,OK
RID_MXSTM,I,[18:0] ,RID_MXSTM,I,[18:0] ,947,OK
RDATA_MXSTM,I,[63:0] ,RDATA_MXSTM,I,[63:0] ,948,OK
RRESP_MXSTM,I,[1:0]  ,RRESP_MXSTM,I,[1:0]  ,949,OK
RLAST_MXSTM,I,,RLAST_MXSTM,I,,950,OK
RVALID_MXSTM,I,,RVALID_MXSTM,I,,951,OK
RREADY_MXSTM,O,,RREADY_MXSTM,O,,952,OK
PADDR_MPDBGAPB,O,[31:0] ,PADDR_MPDBGAPB,O,[31:0] ,956,OK
PSTRB_MPDBGAPB,O,[3:0]  ,PSTRB_MPDBGAPB,O,[3:0]  ,-,OK
PREADY_MPDBGAPB,I,,PREADY_MPDBGAPB,I,,962,OK
PENABLE_MPDBGAPB,O,,PENABLE_MPDBGAPB,O,,958,OK
PPROT_MPDBGAPB,O,[2:0]  ,PPROT_MPDBGAPB,O,[2:0]  ,-,OK
PWRITE_MPDBGAPB,O,,PWRITE_MPDBGAPB,O,,959,OK
PWDATA_MPDBGAPB,O,[31:0] ,PWDATA_MPDBGAPB,O,[31:0] ,960,OK
PRDATA_MPDBGAPB,I,[31:0] ,PRDATA_MPDBGAPB,I,[31:0] ,961,OK
PSLVERR_MPDBGAPB,I,,PSLVERR_MPDBGAPB,I,,963,OK
PSEL_MPDBGAPB,O,,PSEL_MPDBGAPB,O,,957,OK
PADDR_MPSECIP,O,[31:0] ,PADDR_MPSECIP,O,[31:0] ,965,OK
PSTRB_MPSECIP,O,[3:0]  ,PSTRB_MPSECIP,O,[3:0]  ,971,OK
PREADY_MPSECIP,I,,PREADY_MPSECIP,I,,973,OK
PENABLE_MPSECIP,O,,PENABLE_MPSECIP,O,,967,OK
PPROT_MPSECIP,O,[2:0]  ,PPROT_MPSECIP,O,[2:0]  ,968,OK
PWRITE_MPSECIP,O,,PWRITE_MPSECIP,O,,969,OK
PWDATA_MPSECIP,O,[31:0] ,PWDATA_MPSECIP,O,[31:0] ,970,OK
PRDATA_MPSECIP,I,[31:0] ,PRDATA_MPSECIP,I,[31:0] ,972,OK
PSLVERR_MPSECIP,I,,PSLVERR_MPSECIP,I,,974,OK
PSEL_MPSECIP,O,,PSEL_MPSECIP,O,,966,OK
HADDR_MHWDT,O,[32:0] ,HADDR_MHWDT,O,[32:0] ,976,OK
HBURST_MHWDT,O,[2:0]  ,HBURST_MHWDT,O,[2:0]  ,977,OK
HPROT_MHWDT,O,[3:0]  ,HPROT_MHWDT,O,[3:0]  ,978,OK
HSIZE_MHWDT,O,[2:0]  ,HSIZE_MHWDT,O,[2:0]  ,979,OK
HTRANS_MHWDT,O,[1:0]  ,HTRANS_MHWDT,O,[1:0]  ,980,OK
HREADY_MHWDT,O,,HREADY_MHWDT,O,,987,OK
HWRITE_MHWDT,O,,HWRITE_MHWDT,O,,981,OK
HWDATA_MHWDT,O,[31:0] ,HWDATA_MHWDT,O,[31:0] ,982,OK
HRDATA_MHWDT,I,[31:0] ,HRDATA_MHWDT,I,[31:0] ,983,OK
HRESP_MHWDT,I,,HRESP_MHWDT,I,,984,OK
HREADYOUT_MHWDT,I,,HREADYOUT_MHWDT,I,,985,OK
HSEL_MHWDT,O,,HSEL_MHWDT,O,,986,OK
HADDR_MHTMR32,O,[32:0] ,HADDR_MHTMR32,O,[32:0] ,989,OK
HBURST_MHTMR32,O,[2:0]  ,HBURST_MHTMR32,O,[2:0]  ,990,OK
HPROT_MHTMR32,O,[3:0]  ,HPROT_MHTMR32,O,[3:0]  ,991,OK
HSIZE_MHTMR32,O,[2:0]  ,HSIZE_MHTMR32,O,[2:0]  ,992,OK
HTRANS_MHTMR32,O,[1:0]  ,HTRANS_MHTMR32,O,[1:0]  ,993,OK
HREADY_MHTMR32,O,,HREADY_MHTMR32,O,,1000,OK
HWRITE_MHTMR32,O,,HWRITE_MHTMR32,O,,994,OK
HWDATA_MHTMR32,O,[31:0] ,HWDATA_MHTMR32,O,[31:0] ,995,OK
HRDATA_MHTMR32,I,[31:0] ,HRDATA_MHTMR32,I,[31:0] ,996,OK
HRESP_MHTMR32,I,,HRESP_MHTMR32,I,,997,OK
HREADYOUT_MHTMR32,I,,HREADYOUT_MHTMR32,I,,998,OK
HSEL_MHTMR32,O,,HSEL_MHTMR32,O,,999,OK
PADDR_MPGBEREG,O,[31:0] ,PADDR_MPGBEREG,O,[31:0] ,1002,OK
PSTRB_MPGBEREG,O,[3:0]  ,PSTRB_MPGBEREG,O,[3:0]  ,1008,OK
PREADY_MPGBEREG,I,,PREADY_MPGBEREG,I,,1010,OK
PENABLE_MPGBEREG,O,,PENABLE_MPGBEREG,O,,1004,OK
PPROT_MPGBEREG,O,[2:0]  ,PPROT_MPGBEREG,O,[2:0]  ,1005,OK
PWRITE_MPGBEREG,O,,PWRITE_MPGBEREG,O,,1006,OK
PWDATA_MPGBEREG,O,[31:0] ,PWDATA_MPGBEREG,O,[31:0] ,1007,OK
PRDATA_MPGBEREG,I,[31:0] ,PRDATA_MPGBEREG,I,[31:0] ,1009,OK
PSLVERR_MPGBEREG,I,,PSLVERR_MPGBEREG,I,,1011,OK
PSEL_MPGBEREG,O,,PSEL_MPGBEREG,O,,1003,OK
PADDR_MPGPREG,O,[31:0] ,PADDR_MPGPREG,O,[31:0] ,1013,OK
PSTRB_MPGPREG,O,[3:0]  ,PSTRB_MPGPREG,O,[3:0]  ,1019,OK
PREADY_MPGPREG,I,,PREADY_MPGPREG,I,,1021,OK
PENABLE_MPGPREG,O,,PENABLE_MPGPREG,O,,1015,OK
PPROT_MPGPREG,O,[2:0]  ,PPROT_MPGPREG,O,[2:0]  ,1016,OK
PWRITE_MPGPREG,O,,PWRITE_MPGPREG,O,,1017,OK
PWDATA_MPGPREG,O,[31:0] ,PWDATA_MPGPREG,O,[31:0] ,1018,OK
PRDATA_MPGPREG,I,[31:0] ,PRDATA_MPGPREG,I,[31:0] ,1020,OK
PSLVERR_MPGPREG,I,,PSLVERR_MPGPREG,I,,1022,OK
PSEL_MPGPREG,O,,PSEL_MPGPREG,O,,1014,OK
PADDR_MPSYSCON,O,[31:0] ,PADDR_MPSYSCON,O,[31:0] ,1024,OK
PREADY_MPSYSCON,I,,PREADY_MPSYSCON,I,,1030,OK
PENABLE_MPSYSCON,O,,PENABLE_MPSYSCON,O,,1026,OK
PWRITE_MPSYSCON,O,,PWRITE_MPSYSCON,O,,1027,OK
PWDATA_MPSYSCON,O,[31:0] ,PWDATA_MPSYSCON,O,[31:0] ,1028,OK
PRDATA_MPSYSCON,I,[31:0] ,PRDATA_MPSYSCON,I,[31:0] ,1029,OK
PSLVERR_MPSYSCON,I,,PSLVERR_MPSYSCON,I,,1031,OK
PSEL_MPSYSCON,O,,PSEL_MPSYSCON,O,,1025,OK
AWID_MXCSSSLV,O,[6:0]  ,AWID_MXCSSSLV,O,[6:0]  ,1033,OK
AWADDR_MXCSSSLV,O,[32:0] ,AWADDR_MXCSSSLV,O,[32:0] ,1034,OK
AWLEN_MXCSSSLV,O,[7:0]  ,AWLEN_MXCSSSLV,O,[7:0]  ,1035,OK
AWSIZE_MXCSSSLV,O,[2:0]  ,AWSIZE_MXCSSSLV,O,[2:0]  ,1036,OK
AWBURST_MXCSSSLV,O,[1:0]  ,AWBURST_MXCSSSLV,O,[1:0]  ,1037,OK
AWLOCK_MXCSSSLV,O,,AWLOCK_MXCSSSLV,O,,1038,OK
AWCACHE_MXCSSSLV,O,[3:0]  ,AWCACHE_MXCSSSLV,O,[3:0]  ,1039,OK
AWPROT_MXCSSSLV,O,[2:0]  ,AWPROT_MXCSSSLV,O,[2:0]  ,1040,OK
AWUSER_MXCSSSLV,O,[14:0]  ,AWUSER_MXCSSSLV,O,[14:0]  ,1068,OK
AWVALID_MXCSSSLV,O,,AWVALID_MXCSSSLV,O,,1041,OK
AWREADY_MXCSSSLV,I,,AWREADY_MXCSSSLV,I,,1042,OK
WDATA_MXCSSSLV,O,[63:0] ,WDATA_MXCSSSLV,O,[63:0] ,1043,OK
WSTRB_MXCSSSLV,O,[7:0]  ,WSTRB_MXCSSSLV,O,[7:0]  ,1044,OK
WLAST_MXCSSSLV,O,,WLAST_MXCSSSLV,O,,1045,OK
WVALID_MXCSSSLV,O,,WVALID_MXCSSSLV,O,,1046,OK
WREADY_MXCSSSLV,I,,WREADY_MXCSSSLV,I,,1047,OK
BID_MXCSSSLV,I,[6:0]  ,BID_MXCSSSLV,I,[6:0]  ,1048,OK
BRESP_MXCSSSLV,I,[1:0]  ,BRESP_MXCSSSLV,I,[1:0]  ,1049,OK
BVALID_MXCSSSLV,I,,BVALID_MXCSSSLV,I,,1050,OK
BREADY_MXCSSSLV,O,,BREADY_MXCSSSLV,O,,1051,OK
ARID_MXCSSSLV,O,[6:0]  ,ARID_MXCSSSLV,O,[6:0]  ,1052,OK
ARADDR_MXCSSSLV,O,[32:0] ,ARADDR_MXCSSSLV,O,[32:0] ,1053,OK
ARLEN_MXCSSSLV,O,[7:0]  ,ARLEN_MXCSSSLV,O,[7:0]  ,1054,OK
ARSIZE_MXCSSSLV,O,[2:0]  ,ARSIZE_MXCSSSLV,O,[2:0]  ,1055,OK
ARBURST_MXCSSSLV,O,[1:0]  ,ARBURST_MXCSSSLV,O,[1:0]  ,1056,OK
ARLOCK_MXCSSSLV,O,,ARLOCK_MXCSSSLV,O,,1057,OK
ARCACHE_MXCSSSLV,O,[3:0]  ,ARCACHE_MXCSSSLV,O,[3:0]  ,1058,OK
ARUSER_MXCSSSLV,O,[14:0]  ,ARUSER_MXCSSSLV,O,[14:0]  ,1069,OK
ARPROT_MXCSSSLV,O,[2:0]  ,ARPROT_MXCSSSLV,O,[2:0]  ,1059,OK
ARVALID_MXCSSSLV,O,,ARVALID_MXCSSSLV,O,,1060,OK
ARREADY_MXCSSSLV,I,,ARREADY_MXCSSSLV,I,,1061,OK
RID_MXCSSSLV,I,[6:0]  ,RID_MXCSSSLV,I,[6:0]  ,1062,OK
RDATA_MXCSSSLV,I,[63:0] ,RDATA_MXCSSSLV,I,[63:0] ,1063,OK
RRESP_MXCSSSLV,I,[1:0]  ,RRESP_MXCSSSLV,I,[1:0]  ,1064,OK
RLAST_MXCSSSLV,I,,RLAST_MXCSSSLV,I,,1065,OK
RVALID_MXCSSSLV,I,,RVALID_MXCSSSLV,I,,1066,OK
RREADY_MXCSSSLV,O,,RREADY_MXCSSSLV,O,,1067,OK
AWID_MXCSSDBG,O,,AWID_MXCSSDBG,O,,1071,OK
AWADDR_MXCSSDBG,O,[32:0] ,AWADDR_MXCSSDBG,O,[32:0] ,1072,OK
AWLEN_MXCSSDBG,O,[7:0]  ,AWLEN_MXCSSDBG,O,[7:0]  ,1073,OK
AWSIZE_MXCSSDBG,O,[2:0]  ,AWSIZE_MXCSSDBG,O,[2:0]  ,1074,OK
AWBURST_MXCSSDBG,O,[1:0]  ,AWBURST_MXCSSDBG,O,[1:0]  ,1075,OK
AWLOCK_MXCSSDBG,O,,AWLOCK_MXCSSDBG,O,,1076,OK
AWCACHE_MXCSSDBG,O,[3:0]  ,AWCACHE_MXCSSDBG,O,[3:0]  ,1077,OK
AWPROT_MXCSSDBG,O,[2:0]  ,AWPROT_MXCSSDBG,O,[2:0]  ,1078,OK
AWUSER_MXCSSDBG,O,[14:0]  ,AWUSER_MXCSSDBG,O,[14:0]  ,1106,OK
AWVALID_MXCSSDBG,O,,AWVALID_MXCSSDBG,O,,1079,OK
AWREADY_MXCSSDBG,I,,AWREADY_MXCSSDBG,I,,1080,OK
WDATA_MXCSSDBG,O,[63:0] ,WDATA_MXCSSDBG,O,[63:0] ,1081,OK
WSTRB_MXCSSDBG,O,[7:0]  ,WSTRB_MXCSSDBG,O,[7:0]  ,1082,OK
WLAST_MXCSSDBG,O,,WLAST_MXCSSDBG,O,,1083,OK
WVALID_MXCSSDBG,O,,WVALID_MXCSSDBG,O,,1084,OK
WREADY_MXCSSDBG,I,,WREADY_MXCSSDBG,I,,1085,OK
BID_MXCSSDBG,I,,BID_MXCSSDBG,I,,1086,OK
BRESP_MXCSSDBG,I,[1:0]  ,BRESP_MXCSSDBG,I,[1:0]  ,1087,OK
BVALID_MXCSSDBG,I,,BVALID_MXCSSDBG,I,,1088,OK
BREADY_MXCSSDBG,O,,BREADY_MXCSSDBG,O,,1089,OK
ARID_MXCSSDBG,O,,ARID_MXCSSDBG,O,,1090,OK
ARADDR_MXCSSDBG,O,[32:0] ,ARADDR_MXCSSDBG,O,[32:0] ,1091,OK
ARLEN_MXCSSDBG,O,[7:0]  ,ARLEN_MXCSSDBG,O,[7:0]  ,1092,OK
ARSIZE_MXCSSDBG,O,[2:0]  ,ARSIZE_MXCSSDBG,O,[2:0]  ,1093,OK
ARBURST_MXCSSDBG,O,[1:0]  ,ARBURST_MXCSSDBG,O,[1:0]  ,1094,OK
ARLOCK_MXCSSDBG,O,,ARLOCK_MXCSSDBG,O,,1095,OK
ARCACHE_MXCSSDBG,O,[3:0]  ,ARCACHE_MXCSSDBG,O,[3:0]  ,1096,OK
ARPROT_MXCSSDBG,O,[2:0]  ,ARPROT_MXCSSDBG,O,[2:0]  ,1097,OK
ARUSER_MXCSSDBG,O,[14:0]  ,ARUSER_MXCSSDBG,O,[14:0]  ,1107,OK
ARVALID_MXCSSDBG,O,,ARVALID_MXCSSDBG,O,,1098,OK
ARREADY_MXCSSDBG,I,,ARREADY_MXCSSDBG,I,,1099,OK
RID_MXCSSDBG,I,,RID_MXCSSDBG,I,,1100,OK
RDATA_MXCSSDBG,I,[63:0] ,RDATA_MXCSSDBG,I,[63:0] ,1101,OK
RRESP_MXCSSDBG,I,[1:0]  ,RRESP_MXCSSDBG,I,[1:0]  ,1102,OK
RLAST_MXCSSDBG,I,,RLAST_MXCSSDBG,I,,1103,OK
RVALID_MXCSSDBG,I,,RVALID_MXCSSDBG,I,,1104,OK
RREADY_MXCSSDBG,O,,RREADY_MXCSSDBG,O,,1105,OK
