From CHECKLIST,,,From RTL,,,,
"Terminal name
(1)",I/O,Bit width,"Terminal name
(1)",I/O,Bit width,Line number in RTL,Judgement
CLK200,I,,,,,,
CLK100,I,,,,,,
CLK325,I,,,,,,
ARESETn,I,,,,,,
SCAN_MODE,I,,,,,,
BP_CSTAP_AWADDR32,I,,,,,,
BP_CSTAP_AWADDR32_SEL,I,,,,,,
BP_CSTAP_ARADDR32,I,,,,,,
BP_CSTAP_ARADDR32_SEL,I,,,,,,
BP_CSTETR_AWADDR32,I,,,,,,
BP_CSTETR_AWADDR32_SEL,I,,,,,,
BP_CSTETR_ARADDR32,I,,,,,,
BP_CSTETR_ARADDR32_SEL,I,,,,,,
HADDR_SHCM3IC,I,[32:0] ,,,,,
HBURST_SHCM3IC,I,[2:0]  ,,,,,
HPROT_SHCM3IC,I,[3:0]  ,,,,,
HSIZE_SHCM3IC,I,[2:0]  ,,,,,
HTRANS_SHCM3IC,I,[1:0]  ,,,,,
HWRITE_SHCM3IC,I,,,,,,
HAUSER_SHCM3IC,I,[14:0]  ,,,,,
HWDATA_SHCM3IC,I,[31:0] ,,,,,
HRDATA_SHCM3IC,O,[31:0] ,,,,,
HRESP_SHCM3IC,O,,,,,,
HREADY_SHCM3IC,O,,,,,,
HADDR_SHCM3DC,I,[32:0] ,,,,,
HBURST_SHCM3DC,I,[2:0]  ,,,,,
HPROT_SHCM3DC,I,[3:0]  ,,,,,
HSIZE_SHCM3DC,I,[2:0]  ,,,,,
HTRANS_SHCM3DC,I,[1:0]  ,,,,,
HWRITE_SHCM3DC,I,,,,,,
HAUSER_SHCM3DC,I,[14:0]  ,,,,,
HWDATA_SHCM3DC,I,[31:0] ,,,,,
HRDATA_SHCM3DC,O,[31:0] ,,,,,
HRESP_SHCM3DC,O,,,,,,
HREADY_SHCM3DC,O,,,,,,
HADDR_SHCM3SYS,I,[32:0] ,,,,,
HBURST_SHCM3SYS,I,[2:0]  ,,,,,
HPROT_SHCM3SYS,I,[3:0]  ,,,,,
HSIZE_SHCM3SYS,I,[2:0]  ,,,,,
HTRANS_SHCM3SYS,I,[1:0]  ,,,,,
HWRITE_SHCM3SYS,I,,,,,,
HAUSER_SHCM3SYS,I,[14:0]  ,,,,,
HWDATA_SHCM3SYS,I,[31:0] ,,,,,
HRDATA_SHCM3SYS,O,[31:0] ,,,,,
HRESP_SHCM3SYS,O,,,,,,
HREADY_SHCM3SYS,O,,,,,,
AWID_SXGETHER,I,[3:0]  ,,,,,
AWADDR_SXGETHER,I,[32:0] ,,,,,
AWLEN_SXGETHER,I,[3:0]  ,,,,,
AWSIZE_SXGETHER,I,[2:0]  ,,,,,
AWBURST_SXGETHER,I,[1:0]  ,,,,,
AWLOCK_SXGETHER,I,[1:0]  ,,,,,
AWCACHE_SXGETHER,I,[3:0]  ,,,,,
AWPROT_SXGETHER,I,[2:0]  ,,,,,
AWUSER_SXGETHER,I,[14:0]  ,,,,,
AWVALID_SXGETHER,I,,,,,,
AWREADY_SXGETHER,O,,,,,,
WID_SXGETHER,I,[3:0]  ,,,,,
WDATA_SXGETHER,I,[127:0],,,,,
WSTRB_SXGETHER,I,[15:0] ,,,,,
WLAST_SXGETHER,I,,,,,,
WVALID_SXGETHER,I,,,,,,
WREADY_SXGETHER,O,,,,,,
BID_SXGETHER,O,[3:0]  ,,,,,
BRESP_SXGETHER,O,[1:0]  ,,,,,
BVALID_SXGETHER,O,,,,,,
BREADY_SXGETHER,I,,,,,,
ARID_SXGETHER,I,[3:0]  ,,,,,
ARADDR_SXGETHER,I,[32:0] ,,,,,
ARLEN_SXGETHER,I,[3:0]  ,,,,,
ARSIZE_SXGETHER,I,[2:0]  ,,,,,
ARBURST_SXGETHER,I,[1:0]  ,,,,,
ARLOCK_SXGETHER,I,[1:0]  ,,,,,
ARCACHE_SXGETHER,I,[3:0]  ,,,,,
ARPROT_SXGETHER,I,[2:0]  ,,,,,
ARUSER_SXGETHER,I,[14:0]  ,,,,,
ARVALID_SXGETHER,I,,,,,,
ARREADY_SXGETHER,O,,,,,,
RID_SXGETHER,O,[3:0]  ,,,,,
RDATA_SXGETHER,O,[127:0],,,,,
RRESP_SXGETHER,O,[1:0]  ,,,,,
RLAST_SXGETHER,O,,,,,,
RVALID_SXGETHER,O,,,,,,
RREADY_SXGETHER,I,,,,,,
AWADDR_SXDAPAP,I,[32:0] ,,,,,
AWLEN_SXDAPAP,I,[7:0]  ,,,,,
AWSIZE_SXDAPAP,I,[2:0]  ,,,,,
AWBURST_SXDAPAP,I,[1:0]  ,,,,,
AWLOCK_SXDAPAP,I,,,,,,
AWCACHE_SXDAPAP,I,[3:0]  ,,,,,
AWPROT_SXDAPAP,I,[2:0]  ,,,,,
AWUSER_SXDAPAP,I,[14:0]  ,,,,,
AWVALID_SXDAPAP,I,,,,,,
AWREADY_SXDAPAP,O,,,,,,
WDATA_SXDAPAP,I,[63:0] ,,,,,
WSTRB_SXDAPAP,I,[7:0]  ,,,,,
WLAST_SXDAPAP,I,,,,,,
WVALID_SXDAPAP,I,,,,,,
WREADY_SXDAPAP,O,,,,,,
BRESP_SXDAPAP,O,[1:0]  ,,,,,
BVALID_SXDAPAP,O,,,,,,
BREADY_SXDAPAP,I,,,,,,
ARADDR_SXDAPAP,I,[32:0] ,,,,,
ARLEN_SXDAPAP,I,[7:0]  ,,,,,
ARSIZE_SXDAPAP,I,[2:0]  ,,,,,
ARBURST_SXDAPAP,I,[1:0]  ,,,,,
ARLOCK_SXDAPAP,I,,,,,,
ARCACHE_SXDAPAP,I,[3:0]  ,,,,,
ARPROT_SXDAPAP,I,[2:0]  ,,,,,
ARUSER_SXDAPAP,I,[14:0]  ,,,,,
ARVALID_SXDAPAP,I,,,,,,
ARREADY_SXDAPAP,O,,,,,,
RDATA_SXDAPAP,O,[63:0] ,,,,,
RRESP_SXDAPAP,O,[1:0]  ,,,,,
RLAST_SXDAPAP,O,,,,,,
RVALID_SXDAPAP,O,,,,,,
RREADY_SXDAPAP,I,,,,,,
AWADDR_SXETR,I,[32:0] ,,,,,
AWLEN_SXETR,I,[3:0]  ,,,,,
AWSIZE_SXETR,I,[2:0]  ,,,,,
AWBURST_SXETR,I,[1:0]  ,,,,,
AWLOCK_SXETR,I,[1:0]  ,,,,,
AWCACHE_SXETR,I,[3:0]  ,,,,,
AWPROT_SXETR,I,[2:0]  ,,,,,
AWUSER_SXETR,I,[14:0]  ,,,,,
AWVALID_SXETR,I,,,,,,
AWREADY_SXETR,O,,,,,,
WDATA_SXETR,I,[63:0] ,,,,,
WSTRB_SXETR,I,[7:0]  ,,,,,
WLAST_SXETR,I,,,,,,
WVALID_SXETR,I,,,,,,
WREADY_SXETR,O,,,,,,
BRESP_SXETR,O,[1:0]  ,,,,,
BVALID_SXETR,O,,,,,,
BREADY_SXETR,I,,,,,,
ARADDR_SXETR,I,[32:0] ,,,,,
ARLEN_SXETR,I,[3:0]  ,,,,,
ARSIZE_SXETR,I,[2:0]  ,,,,,
ARBURST_SXETR,I,[1:0]  ,,,,,
ARLOCK_SXETR,I,[1:0]  ,,,,,
ARCACHE_SXETR,I,[3:0]  ,,,,,
ARPROT_SXETR,I,[2:0]  ,,,,,
ARUSER_SXETR,I,[14:0]  ,,,,,
ARVALID_SXETR,I,,,,,,
ARREADY_SXETR,O,,,,,,
RDATA_SXETR,O,[63:0] ,,,,,
RRESP_SXETR,O,[1:0]  ,,,,,
RLAST_SXETR,O,,,,,,
RVALID_SXETR,O,,,,,,
RREADY_SXETR,I,,,,,,
AWID_SXCSSMST,I,[15:0] ,,,,,
AWADDR_SXCSSMST,I,[32:0] ,,,,,
AWLEN_SXCSSMST,I,[7:0]  ,,,,,
AWSIZE_SXCSSMST,I,[2:0]  ,,,,,
AWBURST_SXCSSMST,I,[1:0]  ,,,,,
AWLOCK_SXCSSMST,I,,,,,,
AWCACHE_SXCSSMST,I,[3:0]  ,,,,,
AWPROT_SXCSSMST,I,[2:0]  ,,,,,
AWUSER_SXCSSMST,I,[14:0]  ,,,,,
AWVALID_SXCSSMST,I,,,,,,
AWREADY_SXCSSMST,O,,,,,,
WDATA_SXCSSMST,I,[63:0] ,,,,,
WSTRB_SXCSSMST,I,[7:0]  ,,,,,
WLAST_SXCSSMST,I,,,,,,
WVALID_SXCSSMST,I,,,,,,
WREADY_SXCSSMST,O,,,,,,
BID_SXCSSMST,O,[15:0] ,,,,,
BRESP_SXCSSMST,O,[1:0]  ,,,,,
BVALID_SXCSSMST,O,,,,,,
BREADY_SXCSSMST,I,,,,,,
ARID_SXCSSMST,I,[15:0] ,,,,,
ARADDR_SXCSSMST,I,[32:0] ,,,,,
ARLEN_SXCSSMST,I,[7:0]  ,,,,,
ARSIZE_SXCSSMST,I,[2:0]  ,,,,,
ARBURST_SXCSSMST,I,[1:0]  ,,,,,
ARLOCK_SXCSSMST,I,,,,,,
ARCACHE_SXCSSMST,I,[3:0]  ,,,,,
ARPROT_SXCSSMST,I,[2:0]  ,,,,,
ARUSER_SXCSSMST,I,[14:0]  ,,,,,
ARVALID_SXCSSMST,I,,,,,,
ARREADY_SXCSSMST,O,,,,,,
RID_SXCSSMST,O,[15:0] ,,,,,
RDATA_SXCSSMST,O,[63:0] ,,,,,
RRESP_SXCSSMST,O,[1:0]  ,,,,,
RLAST_SXCSSMST,O,,,,,,
RVALID_SXCSSMST,O,,,,,,
RREADY_SXCSSMST,I,,,,,,
AWID_MXSCPROM,O,[18:0] ,,,,,
AWADDR_MXSCPROM,O,[32:0] ,,,,,
AWLEN_MXSCPROM,O,[3:0]  ,,,,,
AWSIZE_MXSCPROM,O,[2:0]  ,,,,,
AWBURST_MXSCPROM,O,[1:0]  ,,,,,
AWLOCK_MXSCPROM,O,[1:0]  ,,,,,
AWCACHE_MXSCPROM,O,[3:0]  ,,,,,
AWPROT_MXSCPROM,O,[2:0]  ,,,,,
AWVALID_MXSCPROM,O,,,,,,
AWREADY_MXSCPROM,I,,,,,,
WID_MXSCPROM,O,[18:0] ,,,,,
WDATA_MXSCPROM,O,[63:0] ,,,,,
WSTRB_MXSCPROM,O,[7:0]  ,,,,,
WLAST_MXSCPROM,O,,,,,,
WVALID_MXSCPROM,O,,,,,,
WREADY_MXSCPROM,I,,,,,,
BID_MXSCPROM,I,[18:0] ,,,,,
BRESP_MXSCPROM,I,[1:0]  ,,,,,
BVALID_MXSCPROM,I,,,,,,
BREADY_MXSCPROM,O,,,,,,
ARID_MXSCPROM,O,[18:0] ,,,,,
ARADDR_MXSCPROM,O,[32:0] ,,,,,
ARLEN_MXSCPROM,O,[3:0]  ,,,,,
ARSIZE_MXSCPROM,O,[2:0]  ,,,,,
ARBURST_MXSCPROM,O,[1:0]  ,,,,,
ARLOCK_MXSCPROM,O,[1:0]  ,,,,,
ARCACHE_MXSCPROM,O,[3:0]  ,,,,,
ARPROT_MXSCPROM,O,[2:0]  ,,,,,
ARVALID_MXSCPROM,O,,,,,,
ARREADY_MXSCPROM,I,,,,,,
RID_MXSCPROM,I,[18:0] ,,,,,
RDATA_MXSCPROM,I,[63:0] ,,,,,
RRESP_MXSCPROM,I,[1:0]  ,,,,,
RLAST_MXSCPROM,I,,,,,,
RVALID_MXSCPROM,I,,,,,,
RREADY_MXSCPROM,O,,,,,,
AWID_MXSCPRAM,O,[18:0] ,,,,,
AWADDR_MXSCPRAM,O,[32:0] ,,,,,
AWLEN_MXSCPRAM,O,[3:0]  ,,,,,
AWSIZE_MXSCPRAM,O,[2:0]  ,,,,,
AWBURST_MXSCPRAM,O,[1:0]  ,,,,,
AWLOCK_MXSCPRAM,O,[1:0]  ,,,,,
AWCACHE_MXSCPRAM,O,[3:0]  ,,,,,
AWPROT_MXSCPRAM,O,[2:0]  ,,,,,
AWVALID_MXSCPRAM,O,,,,,,
AWREADY_MXSCPRAM,I,,,,,,
WID_MXSCPRAM,O,[18:0] ,,,,,
WDATA_MXSCPRAM,O,[63:0] ,,,,,
WSTRB_MXSCPRAM,O,[7:0]  ,,,,,
WLAST_MXSCPRAM,O,,,,,,
WVALID_MXSCPRAM,O,,,,,,
WREADY_MXSCPRAM,I,,,,,,
BID_MXSCPRAM,I,[18:0] ,,,,,
BRESP_MXSCPRAM,I,[1:0]  ,,,,,
BVALID_MXSCPRAM,I,,,,,,
BREADY_MXSCPRAM,O,,,,,,
ARID_MXSCPRAM,O,[18:0] ,,,,,
ARADDR_MXSCPRAM,O,[32:0] ,,,,,
ARLEN_MXSCPRAM,O,[3:0]  ,,,,,
ARSIZE_MXSCPRAM,O,[2:0]  ,,,,,
ARBURST_MXSCPRAM,O,[1:0]  ,,,,,
ARLOCK_MXSCPRAM,O,[1:0]  ,,,,,
ARCACHE_MXSCPRAM,O,[3:0]  ,,,,,
ARPROT_MXSCPRAM,O,[2:0]  ,,,,,
ARVALID_MXSCPRAM,O,,,,,,
ARREADY_MXSCPRAM,I,,,,,,
RID_MXSCPRAM,I,[18:0] ,,,,,
RDATA_MXSCPRAM,I,[63:0] ,,,,,
RRESP_MXSCPRAM,I,[1:0]  ,,,,,
RLAST_MXSCPRAM,I,,,,,,
RVALID_MXSCPRAM,I,,,,,,
RREADY_MXSCPRAM,O,,,,,,
AWID_MXGBERAM,O,[18:0] ,,,,,
AWADDR_MXGBERAM,O,[32:0] ,,,,,
AWLEN_MXGBERAM,O,[3:0]  ,,,,,
AWSIZE_MXGBERAM,O,[2:0]  ,,,,,
AWBURST_MXGBERAM,O,[1:0]  ,,,,,
AWLOCK_MXGBERAM,O,[1:0]  ,,,,,
AWCACHE_MXGBERAM,O,[3:0]  ,,,,,
AWPROT_MXGBERAM,O,[2:0]  ,,,,,
AWVALID_MXGBERAM,O,,,,,,
AWREADY_MXGBERAM,I,,,,,,
WID_MXGBERAM,O,[18:0] ,,,,,
WDATA_MXGBERAM,O,[63:0] ,,,,,
WSTRB_MXGBERAM,O,[7:0]  ,,,,,
WLAST_MXGBERAM,O,,,,,,
WVALID_MXGBERAM,O,,,,,,
WREADY_MXGBERAM,I,,,,,,
BID_MXGBERAM,I,[18:0] ,,,,,
BRESP_MXGBERAM,I,[1:0]  ,,,,,
BVALID_MXGBERAM,I,,,,,,
BREADY_MXGBERAM,O,,,,,,
ARID_MXGBERAM,O,[18:0] ,,,,,
ARADDR_MXGBERAM,O,[32:0] ,,,,,
ARLEN_MXGBERAM,O,[3:0]  ,,,,,
ARSIZE_MXGBERAM,O,[2:0]  ,,,,,
ARBURST_MXGBERAM,O,[1:0]  ,,,,,
ARLOCK_MXGBERAM,O,[1:0]  ,,,,,
ARCACHE_MXGBERAM,O,[3:0]  ,,,,,
ARPROT_MXGBERAM,O,[2:0]  ,,,,,
ARVALID_MXGBERAM,O,,,,,,
ARREADY_MXGBERAM,I,,,,,,
RID_MXGBERAM,I,[18:0] ,,,,,
RDATA_MXGBERAM,I,[63:0] ,,,,,
RRESP_MXGBERAM,I,[1:0]  ,,,,,
RLAST_MXGBERAM,I,,,,,,
RVALID_MXGBERAM,I,,,,,,
RREADY_MXGBERAM,O,,,,,,
AWID_MXNVRAM,O,[18:0] ,,,,,
AWADDR_MXNVRAM,O,[32:0] ,,,,,
AWLEN_MXNVRAM,O,[3:0]  ,,,,,
AWSIZE_MXNVRAM,O,[2:0]  ,,,,,
AWBURST_MXNVRAM,O,[1:0]  ,,,,,
AWLOCK_MXNVRAM,O,[1:0]  ,,,,,
AWCACHE_MXNVRAM,O,[3:0]  ,,,,,
AWPROT_MXNVRAM,O,[2:0]  ,,,,,
AWVALID_MXNVRAM,O,,,,,,
AWREADY_MXNVRAM,I,,,,,,
WID_MXNVRAM,O,[18:0] ,,,,,
WDATA_MXNVRAM,O,[63:0] ,,,,,
WSTRB_MXNVRAM,O,[7:0]  ,,,,,
WLAST_MXNVRAM,O,,,,,,
WVALID_MXNVRAM,O,,,,,,
WREADY_MXNVRAM,I,,,,,,
BID_MXNVRAM,I,[18:0] ,,,,,
BRESP_MXNVRAM,I,[1:0]  ,,,,,
BVALID_MXNVRAM,I,,,,,,
BREADY_MXNVRAM,O,,,,,,
ARID_MXNVRAM,O,[18:0] ,,,,,
ARADDR_MXNVRAM,O,[32:0] ,,,,,
ARLEN_MXNVRAM,O,[3:0]  ,,,,,
ARSIZE_MXNVRAM,O,[2:0]  ,,,,,
ARBURST_MXNVRAM,O,[1:0]  ,,,,,
ARLOCK_MXNVRAM,O,[1:0]  ,,,,,
ARCACHE_MXNVRAM,O,[3:0]  ,,,,,
ARPROT_MXNVRAM,O,[2:0]  ,,,,,
ARVALID_MXNVRAM,O,,,,,,
ARREADY_MXNVRAM,I,,,,,,
RID_MXNVRAM,I,[18:0] ,,,,,
RDATA_MXNVRAM,I,[63:0] ,,,,,
RRESP_MXNVRAM,I,[1:0]  ,,,,,
RLAST_MXNVRAM,I,,,,,,
RVALID_MXNVRAM,I,,,,,,
RREADY_MXNVRAM,O,,,,,,
AWID_MXSTM,O,[18:0] ,,,,,
AWADDR_MXSTM,O,[32:0] ,,,,,
AWLEN_MXSTM,O,[7:0]  ,,,,,
AWSIZE_MXSTM,O,[2:0]  ,,,,,
AWBURST_MXSTM,O,[1:0]  ,,,,,
AWLOCK_MXSTM,O,,,,,,
AWCACHE_MXSTM,O,[3:0]  ,,,,,
AWPROT_MXSTM,O,[2:0]  ,,,,,
AWUSER_MXSTM,O,[14:0]  ,,,,,
AWVALID_MXSTM,O,,,,,,
AWREADY_MXSTM,I,,,,,,
WDATA_MXSTM,O,[63:0] ,,,,,
WSTRB_MXSTM,O,[7:0]  ,,,,,
WLAST_MXSTM,O,,,,,,
WVALID_MXSTM,O,,,,,,
WREADY_MXSTM,I,,,,,,
BID_MXSTM,I,[18:0] ,,,,,
BRESP_MXSTM,I,[1:0]  ,,,,,
BVALID_MXSTM,I,,,,,,
BREADY_MXSTM,O,,,,,,
ARID_MXSTM,O,[18:0] ,,,,,
ARADDR_MXSTM,O,[32:0] ,,,,,
ARLEN_MXSTM,O,[7:0]  ,,,,,
ARSIZE_MXSTM,O,[2:0]  ,,,,,
ARBURST_MXSTM,O,[1:0]  ,,,,,
ARLOCK_MXSTM,O,,,,,,
ARCACHE_MXSTM,O,[3:0]  ,,,,,
ARPROT_MXSTM,O,[2:0]  ,,,,,
ARUSER_MXSTM,O,[14:0]  ,,,,,
ARVALID_MXSTM,O,,,,,,
ARREADY_MXSTM,I,,,,,,
RID_MXSTM,I,[18:0] ,,,,,
RDATA_MXSTM,I,[63:0] ,,,,,
RRESP_MXSTM,I,[1:0]  ,,,,,
RLAST_MXSTM,I,,,,,,
RVALID_MXSTM,I,,,,,,
RREADY_MXSTM,O,,,,,,
PADDR_MPDBGAPB,O,[31:0] ,,,,,
PSTRB_MPDBGAPB,O,[3:0]  ,,,,,
PREADY_MPDBGAPB,I,,,,,,
PENABLE_MPDBGAPB,O,,,,,,
PPROT_MPDBGAPB,O,[2:0]  ,,,,,
PWRITE_MPDBGAPB,O,,,,,,
PWDATA_MPDBGAPB,O,[31:0] ,,,,,
PRDATA_MPDBGAPB,I,[31:0] ,,,,,
PSLVERR_MPDBGAPB,I,,,,,,
PSEL_MPDBGAPB,O,,,,,,
PADDR_MPSECIP,O,[31:0] ,,,,,
PSTRB_MPSECIP,O,[3:0]  ,,,,,
PREADY_MPSECIP,I,,,,,,
PENABLE_MPSECIP,O,,,,,,
PPROT_MPSECIP,O,[2:0]  ,,,,,
PWRITE_MPSECIP,O,,,,,,
PWDATA_MPSECIP,O,[31:0] ,,,,,
PRDATA_MPSECIP,I,[31:0] ,,,,,
PSLVERR_MPSECIP,I,,,,,,
PSEL_MPSECIP,O,,,,,,
HADDR_MHWDT,O,[32:0] ,,,,,
HBURST_MHWDT,O,[2:0]  ,,,,,
HPROT_MHWDT,O,[3:0]  ,,,,,
HSIZE_MHWDT,O,[2:0]  ,,,,,
HTRANS_MHWDT,O,[1:0]  ,,,,,
HREADY_MHWDT,O,,,,,,
HWRITE_MHWDT,O,,,,,,
HWDATA_MHWDT,O,[31:0] ,,,,,
HRDATA_MHWDT,I,[31:0] ,,,,,
HRESP_MHWDT,I,,,,,,
HREADYOUT_MHWDT,I,,,,,,
HSEL_MHWDT,O,,,,,,
HADDR_MHTMR32,O,[32:0] ,,,,,
HBURST_MHTMR32,O,[2:0]  ,,,,,
HPROT_MHTMR32,O,[3:0]  ,,,,,
HSIZE_MHTMR32,O,[2:0]  ,,,,,
HTRANS_MHTMR32,O,[1:0]  ,,,,,
HREADY_MHTMR32,O,,,,,,
HWRITE_MHTMR32,O,,,,,,
HWDATA_MHTMR32,O,[31:0] ,,,,,
HRDATA_MHTMR32,I,[31:0] ,,,,,
HRESP_MHTMR32,I,,,,,,
HREADYOUT_MHTMR32,I,,,,,,
HSEL_MHTMR32,O,,,,,,
PADDR_MPGBEREG,O,[31:0] ,,,,,
PSTRB_MPGBEREG,O,[3:0]  ,,,,,
PREADY_MPGBEREG,I,,,,,,
PENABLE_MPGBEREG,O,,,,,,
PPROT_MPGBEREG,O,[2:0]  ,,,,,
PWRITE_MPGBEREG,O,,,,,,
PWDATA_MPGBEREG,O,[31:0] ,,,,,
PRDATA_MPGBEREG,I,[31:0] ,,,,,
PSLVERR_MPGBEREG,I,,,,,,
PSEL_MPGBEREG,O,,,,,,
PADDR_MPGPREG,O,[31:0] ,,,,,
PSTRB_MPGPREG,O,[3:0]  ,,,,,
PREADY_MPGPREG,I,,,,,,
PENABLE_MPGPREG,O,,,,,,
PPROT_MPGPREG,O,[2:0]  ,,,,,
PWRITE_MPGPREG,O,,,,,,
PWDATA_MPGPREG,O,[31:0] ,,,,,
PRDATA_MPGPREG,I,[31:0] ,,,,,
PSLVERR_MPGPREG,I,,,,,,
PSEL_MPGPREG,O,,,,,,
PADDR_MPSYSCON,O,[31:0] ,,,,,
PREADY_MPSYSCON,I,,,,,,
PENABLE_MPSYSCON,O,,,,,,
PWRITE_MPSYSCON,O,,,,,,
PWDATA_MPSYSCON,O,[31:0] ,,,,,
PRDATA_MPSYSCON,I,[31:0] ,,,,,
PSLVERR_MPSYSCON,I,,,,,,
PSEL_MPSYSCON,O,,,,,,
AWID_MXCSSSLV,O,[6:0]  ,,,,,
AWADDR_MXCSSSLV,O,[32:0] ,,,,,
AWLEN_MXCSSSLV,O,[7:0]  ,,,,,
AWSIZE_MXCSSSLV,O,[2:0]  ,,,,,
AWBURST_MXCSSSLV,O,[1:0]  ,,,,,
AWLOCK_MXCSSSLV,O,,,,,,
AWCACHE_MXCSSSLV,O,[3:0]  ,,,,,
AWPROT_MXCSSSLV,O,[2:0]  ,,,,,
AWUSER_MXCSSSLV,O,[14:0]  ,,,,,
AWVALID_MXCSSSLV,O,,,,,,
AWREADY_MXCSSSLV,I,,,,,,
WDATA_MXCSSSLV,O,[63:0] ,,,,,
WSTRB_MXCSSSLV,O,[7:0]  ,,,,,
WLAST_MXCSSSLV,O,,,,,,
WVALID_MXCSSSLV,O,,,,,,
WREADY_MXCSSSLV,I,,,,,,
BID_MXCSSSLV,I,[6:0]  ,,,,,
BRESP_MXCSSSLV,I,[1:0]  ,,,,,
BVALID_MXCSSSLV,I,,,,,,
BREADY_MXCSSSLV,O,,,,,,
ARID_MXCSSSLV,O,[6:0]  ,,,,,
ARADDR_MXCSSSLV,O,[32:0] ,,,,,
ARLEN_MXCSSSLV,O,[7:0]  ,,,,,
ARSIZE_MXCSSSLV,O,[2:0]  ,,,,,
ARBURST_MXCSSSLV,O,[1:0]  ,,,,,
ARLOCK_MXCSSSLV,O,,,,,,
ARCACHE_MXCSSSLV,O,[3:0]  ,,,,,
ARUSER_MXCSSSLV,O,[14:0]  ,,,,,
ARPROT_MXCSSSLV,O,[2:0]  ,,,,,
ARVALID_MXCSSSLV,O,,,,,,
ARREADY_MXCSSSLV,I,,,,,,
RID_MXCSSSLV,I,[6:0]  ,,,,,
RDATA_MXCSSSLV,I,[63:0] ,,,,,
RRESP_MXCSSSLV,I,[1:0]  ,,,,,
RLAST_MXCSSSLV,I,,,,,,
RVALID_MXCSSSLV,I,,,,,,
RREADY_MXCSSSLV,O,,,,,,
AWID_MXCSSDBG,O,,,,,,
AWADDR_MXCSSDBG,O,[32:0] ,,,,,
AWLEN_MXCSSDBG,O,[7:0]  ,,,,,
AWSIZE_MXCSSDBG,O,[2:0]  ,,,,,
AWBURST_MXCSSDBG,O,[1:0]  ,,,,,
AWLOCK_MXCSSDBG,O,,,,,,
AWCACHE_MXCSSDBG,O,[3:0]  ,,,,,
AWPROT_MXCSSDBG,O,[2:0]  ,,,,,
AWUSER_MXCSSDBG,O,[14:0]  ,,,,,
AWVALID_MXCSSDBG,O,,,,,,
AWREADY_MXCSSDBG,I,,,,,,
WDATA_MXCSSDBG,O,[63:0] ,,,,,
WSTRB_MXCSSDBG,O,[7:0]  ,,,,,
WLAST_MXCSSDBG,O,,,,,,
WVALID_MXCSSDBG,O,,,,,,
WREADY_MXCSSDBG,I,,,,,,
BID_MXCSSDBG,I,,,,,,
BRESP_MXCSSDBG,I,[1:0]  ,,,,,
BVALID_MXCSSDBG,I,,,,,,
BREADY_MXCSSDBG,O,,,,,,
ARID_MXCSSDBG,O,,,,,,
ARADDR_MXCSSDBG,O,[32:0] ,,,,,
ARLEN_MXCSSDBG,O,[7:0]  ,,,,,
ARSIZE_MXCSSDBG,O,[2:0]  ,,,,,
ARBURST_MXCSSDBG,O,[1:0]  ,,,,,
ARLOCK_MXCSSDBG,O,,,,,,
ARCACHE_MXCSSDBG,O,[3:0]  ,,,,,
ARPROT_MXCSSDBG,O,[2:0]  ,,,,,
ARUSER_MXCSSDBG,O,[14:0]  ,,,,,
ARVALID_MXCSSDBG,O,,,,,,
ARREADY_MXCSSDBG,I,,,,,,
RID_MXCSSDBG,I,,,,,,
RDATA_MXCSSDBG,I,[63:0] ,,,,,
RRESP_MXCSSDBG,I,[1:0]  ,,,,,
RLAST_MXCSSDBG,I,,,,,,
RVALID_MXCSSDBG,I,,,,,,
RREADY_MXCSSDBG,O,,,,,,
